,Place,Team,GP,W,D,L,GF,GA,GD,P,Year,League
0,1,Arsenal,38,26,9,3,79,36,43,87,2001,English Premier League
1,2,Liverpool,38,24,8,6,67,30,37,80,2001,English Premier League
3,4,Newcastle United,38,21,8,9,74,52,22,71,2001,English Premier League
4,5,Leeds United,38,18,12,8,53,37,16,66,2001,English Premier League
5,6,Chelsea,38,17,13,8,66,38,28,64,2001,English Premier League
6,7,West Ham United,38,15,8,15,48,57,-9,53,2001,English Premier League
8,9,Tottenham Hotspur,38,14,8,16,49,53,-4,50,2001,English Premier League
11,12,Middlesbrough,38,12,9,17,35,47,-12,45,2001,English Premier League
12,13,Fulham,38,10,14,14,36,44,-8,44,2001,English Premier League
13,14,Charlton Athletic,38,10,14,14,38,49,-11,44,2001,English Premier League
14,15,Everton,38,11,10,17,45,57,-12,43,2001,English Premier League
15,16,Bolton Wanderers,38,9,13,16,44,62,-18,40,2001,English Premier League
16,17,Sunderland,38,10,10,18,29,51,-22,40,2001,English Premier League
17,18,Ipswich Town,38,9,9,20,41,64,-23,36,2001,English Premier League
18,19,Derby County,38,8,6,24,33,63,-30,30,2001,English Premier League
19,20,Leicester City,38,5,13,20,30,64,-34,28,2001,English Premier League
21,2,Arsenal,38,23,9,6,85,42,43,78,2002,English Premier League
22,3,Newcastle United,38,21,6,11,63,48,15,69,2002,English Premier League
23,4,Chelsea,38,19,10,9,68,38,30,67,2002,English Premier League
24,5,Liverpool,38,18,10,10,61,41,20,64,2002,English Premier League
26,7,Everton,38,17,8,13,48,49,-1,59,2002,English Premier League
28,9,Manchester City,38,15,6,17,47,54,-7,51,2002,English Premier League
29,10,Tottenham Hotspur,38,14,8,16,51,62,-11,50,2002,English Premier League
30,11,Middlesbrough,38,13,10,15,48,44,4,49,2002,English Premier League
31,12,Charlton Athletic,38,14,7,17,45,56,-11,49,2002,English Premier League
32,13,Birmingham City,38,13,9,16,41,49,-8,48,2002,English Premier League
33,14,Fulham,38,13,9,16,41,50,-9,48,2002,English Premier League
34,15,Leeds United,38,14,5,19,58,57,1,47,2002,English Premier League
36,17,Bolton Wanderers,38,10,14,14,41,51,-10,44,2002,English Premier League
37,18,West Ham United,38,10,12,16,42,59,-17,42,2002,English Premier League
38,19,West Bromwich Albion,38,6,8,24,29,65,-36,26,2002,English Premier League
39,20,Sunderland,38,4,7,27,21,65,-44,19,2002,English Premier League
40,1,Arsenal,38,26,12,0,73,26,47,90,2003,English Premier League
41,2,Chelsea,38,24,7,7,67,30,37,79,2003,English Premier League
43,4,Liverpool,38,16,12,10,55,37,18,60,2003,English Premier League
44,5,Newcastle United,38,13,17,8,52,40,12,56,2003,English Premier League
46,7,Charlton Athletic,38,14,11,13,51,51,0,53,2003,English Premier League
47,8,Bolton Wanderers,38,14,11,13,48,56,-8,53,2003,English Premier League
48,9,Fulham,38,14,10,14,52,46,6,52,2003,English Premier League
49,10,Birmingham City,38,12,14,12,43,48,-5,50,2003,English Premier League
50,11,Middlesbrough,38,13,9,16,44,52,-8,48,2003,English Premier League
52,13,Portsmouth,38,12,9,17,47,54,-7,45,2003,English Premier League
53,14,Tottenham Hotspur,38,13,6,19,47,57,-10,45,2003,English Premier League
55,16,Manchester City,38,9,14,15,55,54,1,41,2003,English Premier League
56,17,Everton,38,9,12,17,45,57,-12,39,2003,English Premier League
57,18,Leicester City,38,6,15,17,48,65,-17,33,2003,English Premier League
58,19,Leeds United,38,8,9,21,40,79,-39,33,2003,English Premier League
59,20,Wolverhampton Wanderers,38,7,12,19,38,77,-39,33,2003,English Premier League
60,1,Chelsea,38,29,8,1,72,15,57,95,2004,English Premier League
61,2,Arsenal,38,25,8,5,87,36,51,83,2004,English Premier League
63,4,Everton,38,18,7,13,45,46,-1,61,2004,English Premier League
64,5,Liverpool,38,17,7,14,52,41,11,58,2004,English Premier League
65,6,Bolton Wanderers,38,16,10,12,49,44,5,58,2004,English Premier League
66,7,Middlesbrough,38,14,13,11,53,46,7,55,2004,English Premier League
67,8,Manchester City,38,13,13,12,47,39,8,52,2004,English Premier League
68,9,Tottenham Hotspur,38,14,10,14,47,41,6,52,2004,English Premier League
70,11,Charlton Athletic,38,12,10,16,42,58,-16,46,2004,English Premier League
71,12,Birmingham City,38,11,12,15,40,46,-6,45,2004,English Premier League
72,13,Fulham,38,12,8,18,52,60,-8,44,2004,English Premier League
73,14,Newcastle United,38,10,14,14,47,57,-10,44,2004,English Premier League
75,16,Portsmouth,38,10,9,19,43,59,-16,39,2004,English Premier League
76,17,West Bromwich Albion,38,6,16,16,36,61,-25,34,2004,English Premier League
78,19,Norwich City,38,7,12,19,42,77,-35,33,2004,English Premier League
80,1,Chelsea,38,29,4,5,72,22,50,91,2005,English Premier League
82,3,Liverpool,38,25,7,6,57,25,32,82,2005,English Premier League
83,4,Arsenal,38,20,7,11,68,31,37,67,2005,English Premier League
84,5,Tottenham Hotspur,38,18,11,9,53,38,15,65,2005,English Premier League
86,7,Newcastle United,38,17,7,14,47,42,5,58,2005,English Premier League
87,8,Bolton Wanderers,38,15,11,12,49,41,8,56,2005,English Premier League
88,9,West Ham United,38,16,7,15,52,55,-3,55,2005,English Premier League
90,11,Everton,38,14,8,16,34,49,-15,50,2005,English Premier League
91,12,Fulham,38,14,6,18,48,58,-10,48,2005,English Premier League
92,13,Charlton Athletic,38,13,8,17,41,55,-14,47,2005,English Premier League
93,14,Middlesbrough,38,12,9,17,48,58,-10,45,2005,English Premier League
94,15,Manchester City,38,13,4,21,43,48,-5,43,2005,English Premier League
96,17,Portsmouth,38,10,8,20,37,62,-25,38,2005,English Premier League
97,18,Birmingham City,38,8,10,20,28,50,-22,34,2005,English Premier League
98,19,West Bromwich Albion,38,7,9,22,31,58,-27,30,2005,English Premier League
99,20,Sunderland,38,3,6,29,26,69,-43,15,2005,English Premier League
101,2,Chelsea,38,24,11,3,64,24,40,83,2006,English Premier League
102,3,Liverpool,38,20,8,10,57,27,30,68,2006,English Premier League
103,4,Arsenal,38,19,11,8,63,35,28,68,2006,English Premier League
104,5,Tottenham Hotspur,38,17,9,12,57,54,3,60,2006,English Premier League
105,6,Everton,38,15,13,10,52,36,16,58,2006,English Premier League
106,7,Bolton Wanderers,38,16,8,14,47,52,-5,56,2006,English Premier League
107,8,Reading,38,16,7,15,52,47,5,55,2006,English Premier League
108,9,Portsmouth,38,14,12,12,45,42,3,54,2006,English Premier League
111,12,Middlesbrough,38,12,10,16,44,49,-5,46,2006,English Premier League
112,13,Newcastle United,38,11,10,17,38,47,-9,43,2006,English Premier League
113,14,Manchester City,38,11,9,18,29,44,-15,42,2006,English Premier League
114,15,West Ham United,38,12,5,21,35,59,-24,41,2006,English Premier League
115,16,Fulham,38,8,15,15,38,60,-22,39,2006,English Premier League
117,18,Sheffield United,38,10,8,20,32,55,-23,38,2006,English Premier League
118,19,Charlton Athletic,38,8,10,20,34,60,-26,34,2006,English Premier League
119,20,Watford,38,5,13,20,29,59,-30,28,2006,English Premier League
121,2,Chelsea,38,25,10,3,65,26,39,85,2007,English Premier League
122,3,Arsenal,38,24,11,3,74,31,43,83,2007,English Premier League
123,4,Liverpool,38,21,13,4,67,28,39,76,2007,English Premier League
124,5,Everton,38,19,8,11,55,33,22,65,2007,English Premier League
127,8,Portsmouth,38,16,9,13,48,40,8,57,2007,English Premier League
128,9,Manchester City,38,15,10,13,45,53,-8,55,2007,English Premier League
129,10,West Ham United,38,13,10,15,42,50,-8,49,2007,English Premier League
130,11,Tottenham Hotspur,38,11,13,14,66,61,5,46,2007,English Premier League
131,12,Newcastle United,38,11,10,17,45,65,-20,43,2007,English Premier League
132,13,Middlesbrough,38,10,12,16,43,53,-10,42,2007,English Premier League
134,15,Sunderland,38,11,6,21,36,59,-23,39,2007,English Premier League
135,16,Bolton Wanderers,38,9,10,19,36,54,-18,37,2007,English Premier League
136,17,Fulham,38,8,12,18,38,60,-22,36,2007,English Premier League
137,18,Reading,38,10,6,22,41,66,-25,36,2007,English Premier League
138,19,Birmingham City,38,8,11,19,46,62,-16,35,2007,English Premier League
139,20,Derby County,38,1,8,29,20,89,-69,11,2007,English Premier League
141,2,Liverpool,38,25,11,2,77,27,50,86,2008,English Premier League
142,3,Chelsea,38,25,8,5,68,24,44,83,2008,English Premier League
143,4,Arsenal,38,20,12,6,68,37,31,72,2008,English Premier League
144,5,Everton,38,17,12,9,55,37,18,63,2008,English Premier League
146,7,Fulham,38,14,11,13,39,34,5,53,2008,English Premier League
147,8,Tottenham Hotspur,38,14,9,15,45,45,0,51,2008,English Premier League
148,9,West Ham United,38,14,9,15,42,45,-3,51,2008,English Premier League
149,10,Manchester City,38,15,5,18,58,50,8,50,2008,English Premier League
152,13,Bolton Wanderers,38,11,8,19,41,53,-12,41,2008,English Premier League
153,14,Portsmouth,38,10,11,17,38,57,-19,41,2008,English Premier League
155,16,Sunderland,38,9,9,20,34,54,-20,36,2008,English Premier League
156,17,Hull City,38,8,11,19,39,64,-25,35,2008,English Premier League
157,18,Newcastle United,38,7,13,18,40,59,-19,34,2008,English Premier League
158,19,Middlesbrough,38,7,11,20,28,57,-29,32,2008,English Premier League
159,20,West Bromwich Albion,38,8,8,22,36,67,-31,32,2008,English Premier League
160,1,Chelsea,38,27,5,6,103,32,71,86,2009,English Premier League
162,3,Arsenal,38,23,6,9,83,41,42,75,2009,English Premier League
163,4,Tottenham Hotspur,38,21,7,10,67,41,26,70,2009,English Premier League
164,5,Manchester City,38,18,13,7,73,45,28,67,2009,English Premier League
166,7,Liverpool,38,18,9,11,61,35,26,63,2009,English Premier League
167,8,Everton,38,16,13,9,60,49,11,61,2009,English Premier League
168,9,Birmingham City,38,13,11,14,38,47,-9,50,2009,English Premier League
171,12,Fulham,38,12,10,16,39,46,-7,46,2009,English Premier League
172,13,Sunderland,38,11,11,16,48,56,-8,44,2009,English Premier League
173,14,Bolton Wanderers,38,10,9,19,42,67,-25,39,2009,English Premier League
174,15,Wolverhampton Wanderers,38,9,11,18,32,56,-24,38,2009,English Premier League
176,17,West Ham United,38,8,11,19,47,66,-19,35,2009,English Premier League
177,18,Burnley,38,8,6,24,42,82,-40,30,2009,English Premier League
178,19,Hull City,38,6,12,20,34,75,-41,30,2009,English Premier League
179,20,Portsmouth,38,7,7,24,34,66,-32,19,2009,English Premier League
181,2,Chelsea,38,21,8,9,69,33,36,71,2010,English Premier League
182,3,Manchester City,38,21,8,9,60,33,27,71,2010,English Premier League
183,4,Arsenal,38,19,11,8,72,43,29,68,2010,English Premier League
184,5,Tottenham Hotspur,38,16,14,8,55,46,9,62,2010,English Premier League
185,6,Liverpool,38,17,7,14,59,44,15,58,2010,English Premier League
186,7,Everton,38,13,15,10,51,45,6,54,2010,English Premier League
187,8,Fulham,38,11,16,11,49,43,6,49,2010,English Premier League
189,10,Sunderland,38,12,11,15,45,56,-11,47,2010,English Premier League
190,11,West Bromwich Albion,38,12,11,15,56,71,-15,47,2010,English Premier League
191,12,Newcastle United,38,11,13,14,56,57,-1,46,2010,English Premier League
193,14,Bolton Wanderers,38,12,10,16,52,56,-4,46,2010,English Premier League
196,17,Wolverhampton Wanderers,38,11,7,20,46,66,-20,40,2010,English Premier League
197,18,Birmingham City,38,8,15,15,37,58,-21,39,2010,English Premier League
199,20,West Ham United,38,7,12,19,43,70,-27,33,2010,English Premier League
200,1,Manchester City,38,28,5,5,93,29,64,89,2011,English Premier League
202,3,Arsenal,38,21,7,10,74,49,25,70,2011,English Premier League
203,4,Tottenham Hotspur,38,20,9,9,66,41,25,69,2011,English Premier League
204,5,Newcastle United,38,19,8,11,56,51,5,65,2011,English Premier League
205,6,Chelsea,38,18,10,10,65,46,19,64,2011,English Premier League
206,7,Everton,38,15,11,12,50,40,10,56,2011,English Premier League
207,8,Liverpool,38,14,10,14,47,40,7,52,2011,English Premier League
208,9,Fulham,38,14,10,14,48,51,-3,52,2011,English Premier League
209,10,West Bromwich Albion,38,13,8,17,45,52,-7,47,2011,English Premier League
210,11,Swansea City,38,12,11,15,44,51,-7,47,2011,English Premier League
211,12,Norwich City,38,12,11,15,52,66,-14,47,2011,English Premier League
212,13,Sunderland,38,11,12,15,45,46,-1,45,2011,English Premier League
216,17,Queens Park Rangers,38,10,7,21,43,66,-23,37,2011,English Premier League
217,18,Bolton Wanderers,38,10,6,22,46,77,-31,36,2011,English Premier League
219,20,Wolverhampton Wanderers,38,5,10,23,40,82,-42,25,2011,English Premier League
221,2,Manchester City,38,23,9,6,66,34,32,78,2012,English Premier League
222,3,Chelsea,38,22,9,7,75,39,36,75,2012,English Premier League
223,4,Arsenal,38,21,10,7,72,37,35,73,2012,English Premier League
224,5,Tottenham Hotspur,38,21,9,8,66,46,20,72,2012,English Premier League
225,6,Everton,38,16,15,7,55,40,15,63,2012,English Premier League
226,7,Liverpool,38,16,13,9,71,43,28,61,2012,English Premier League
227,8,West Bromwich Albion,38,14,7,17,53,57,-4,49,2012,English Premier League
228,9,Swansea City,38,11,13,14,47,51,-4,46,2012,English Premier League
229,10,West Ham United,38,12,10,16,45,53,-8,46,2012,English Premier League
230,11,Norwich City,38,10,14,14,41,58,-17,44,2012,English Premier League
231,12,Fulham,38,11,10,17,50,60,-10,43,2012,English Premier League
235,16,Newcastle United,38,11,8,19,45,68,-23,41,2012,English Premier League
236,17,Sunderland,38,9,12,17,41,54,-13,39,2012,English Premier League
238,19,Reading,38,6,10,22,43,73,-30,28,2012,English Premier League
239,20,Queens Park Rangers,38,4,13,21,30,60,-30,25,2012,English Premier League
240,1,Manchester City,38,27,5,6,102,37,65,86,2013,English Premier League
241,2,Liverpool,38,26,6,6,101,50,51,84,2013,English Premier League
242,3,Chelsea,38,25,7,6,71,27,44,82,2013,English Premier League
243,4,Arsenal,38,24,7,7,68,41,27,79,2013,English Premier League
244,5,Everton,38,21,9,8,61,39,22,72,2013,English Premier League
245,6,Tottenham Hotspur,38,21,6,11,55,51,4,69,2013,English Premier League
249,10,Newcastle United,38,15,4,19,43,59,-16,49,2013,English Premier League
251,12,Swansea City,38,11,9,18,54,54,0,42,2013,English Premier League
252,13,West Ham United,38,11,7,20,40,51,-11,40,2013,English Premier League
253,14,Sunderland,38,10,8,20,41,60,-19,38,2013,English Premier League
255,16,Hull City,38,10,7,21,38,53,-15,37,2013,English Premier League
256,17,West Bromwich Albion,38,7,15,16,43,59,-16,36,2013,English Premier League
257,18,Norwich City,38,8,9,21,28,62,-34,33,2013,English Premier League
258,19,Fulham,38,9,5,24,40,85,-45,32,2013,English Premier League
259,20,Cardiff City,38,7,9,22,32,74,-42,30,2013,English Premier League
260,1,Chelsea,38,26,9,3,73,32,41,87,2014,English Premier League
261,2,Manchester City,38,24,7,7,83,38,45,79,2014,English Premier League
262,3,Arsenal,38,22,9,7,71,36,35,75,2014,English Premier League
264,5,Tottenham Hotspur,38,19,7,12,58,53,5,64,2014,English Premier League
265,6,Liverpool,38,18,8,12,52,48,4,62,2014,English Premier League
267,8,Swansea City,38,16,8,14,46,49,-3,56,2014,English Premier League
270,11,Everton,38,12,11,15,48,50,-2,47,2014,English Premier League
271,12,West Ham United,38,12,11,15,44,47,-3,47,2014,English Premier League
272,13,West Bromwich Albion,38,11,11,16,38,51,-13,44,2014,English Premier League
273,14,Leicester City,38,11,8,19,46,55,-9,41,2014,English Premier League
274,15,Newcastle United,38,10,9,19,40,63,-23,39,2014,English Premier League
275,16,Sunderland,38,7,17,14,31,53,-22,38,2014,English Premier League
277,18,Hull City,38,8,11,19,33,51,-18,35,2014,English Premier League
278,19,Burnley,38,7,12,19,28,53,-25,33,2014,English Premier League
279,20,Queens Park Rangers,38,8,6,24,42,73,-31,30,2014,English Premier League
280,1,Leicester City,38,23,12,3,68,36,32,81,2015,English Premier League
281,2,Arsenal,38,20,11,7,65,36,29,71,2015,English Premier League
282,3,Tottenham Hotspur,38,19,13,6,69,35,34,70,2015,English Premier League
283,4,Manchester City,38,19,9,10,71,41,30,66,2015,English Premier League
286,7,West Ham United,38,16,14,8,65,51,14,62,2015,English Premier League
287,8,Liverpool,38,16,12,10,63,50,13,60,2015,English Premier League
289,10,Chelsea,38,12,14,12,59,53,6,50,2015,English Premier League
290,11,Everton,38,11,14,13,59,55,4,47,2015,English Premier League
291,12,Swansea City,38,12,11,15,42,52,-10,47,2015,English Premier League
292,13,Watford,38,12,9,17,40,50,-10,45,2015,English Premier League
293,14,West Bromwich Albion,38,10,13,15,34,48,-14,43,2015,English Premier League
296,17,Sunderland,38,9,12,17,48,62,-14,39,2015,English Premier League
297,18,Newcastle United,38,9,10,19,44,65,-21,37,2015,English Premier League
298,19,Norwich City,38,9,7,22,39,67,-28,34,2015,English Premier League
300,1,Chelsea,38,30,3,5,85,33,52,93,2016,English Premier League
301,2,Tottenham Hotspur,38,26,8,4,86,26,60,86,2016,English Premier League
302,3,Manchester City,38,23,9,6,80,39,41,78,2016,English Premier League
303,4,Liverpool,38,22,10,6,78,42,36,76,2016,English Premier League
304,5,Arsenal,38,23,6,9,77,44,33,75,2016,English Premier League
306,7,Everton,38,17,10,11,62,44,18,61,2016,English Premier League
309,10,West Bromwich Albion,38,12,9,17,43,51,-8,45,2016,English Premier League
310,11,West Ham United,38,12,9,17,47,64,-17,45,2016,English Premier League
311,12,Leicester City,38,12,8,18,48,63,-15,44,2016,English Premier League
314,15,Swansea City,38,12,5,21,45,70,-25,41,2016,English Premier League
315,16,Burnley,38,11,7,20,39,55,-16,40,2016,English Premier League
316,17,Watford,38,11,7,20,40,68,-28,40,2016,English Premier League
317,18,Hull City,38,9,7,22,37,80,-43,34,2016,English Premier League
318,19,Middlesbrough,38,5,13,20,27,53,-26,28,2016,English Premier League
319,20,Sunderland,38,6,6,26,29,69,-40,24,2016,English Premier League
320,1,Manchester City,38,32,4,2,106,27,79,100,2017,English Premier League
322,3,Tottenham Hotspur,38,23,8,7,74,36,38,77,2017,English Premier League
323,4,Liverpool,38,21,12,5,84,38,46,75,2017,English Premier League
324,5,Chelsea,38,21,7,10,62,38,24,70,2017,English Premier League
325,6,Arsenal,38,19,6,13,74,51,23,63,2017,English Premier League
326,7,Burnley,38,14,12,12,36,39,-3,54,2017,English Premier League
327,8,Everton,38,13,10,15,44,58,-14,49,2017,English Premier League
328,9,Leicester City,38,12,11,15,56,60,-4,47,2017,English Premier League
329,10,Newcastle United,38,12,8,18,39,47,-8,44,2017,English Premier League
332,13,West Ham United,38,10,12,16,48,68,-20,42,2017,English Premier League
333,14,Watford,38,11,8,19,44,64,-20,41,2017,English Premier League
334,15,Brighton & Hove Albion,38,9,13,16,34,54,-20,40,2017,English Premier League
335,16,Huddersfield Town,38,9,10,19,28,58,-30,37,2017,English Premier League
337,18,Swansea City,38,8,9,21,28,56,-28,33,2017,English Premier League
339,20,West Bromwich Albion,38,6,13,19,31,56,-25,31,2017,English Premier League
340,1,Manchester City,38,32,2,4,95,23,72,98,2018,English Premier League
341,2,Liverpool,38,30,7,1,89,22,67,97,2018,English Premier League
342,3,Chelsea,38,21,9,8,63,39,24,72,2018,English Premier League
343,4,Tottenham Hotspur,38,23,2,13,67,39,28,71,2018,English Premier League
344,5,Arsenal,38,21,7,10,73,51,22,70,2018,English Premier League
346,7,Wolverhampton Wanderers,38,16,9,13,47,46,1,57,2018,English Premier League
347,8,Everton,38,15,9,14,54,46,8,54,2018,English Premier League
348,9,Leicester City,38,15,7,16,51,48,3,52,2018,English Premier League
349,10,West Ham United,38,15,7,16,52,55,-3,52,2018,English Premier League
350,11,Watford,38,14,8,16,52,59,-7,50,2018,English Premier League
352,13,Newcastle United,38,12,9,17,42,48,-6,45,2018,English Premier League
354,15,Burnley,38,11,7,20,45,68,-23,40,2018,English Premier League
356,17,Brighton & Hove Albion,38,9,9,20,35,60,-25,36,2018,English Premier League
357,18,Cardiff City,38,10,4,24,34,69,-35,34,2018,English Premier League
358,19,Fulham,38,7,5,26,34,81,-47,26,2018,English Premier League
359,20,Huddersfield Town,38,3,7,28,22,76,-54,16,2018,English Premier League
360,1,Liverpool,38,32,3,3,85,33,52,99,2019,English Premier League
361,2,Manchester City,38,26,3,9,102,35,67,81,2019,English Premier League
363,4,Chelsea,38,20,6,12,69,54,15,66,2019,English Premier League
364,5,Leicester City,38,18,8,12,67,41,26,62,2019,English Premier League
365,6,Tottenham Hotspur,38,16,11,11,61,47,14,59,2019,English Premier League
366,7,Wolverhampton Wanderers,38,15,14,9,51,40,11,59,2019,English Premier League
367,8,Arsenal,38,14,14,10,56,48,8,56,2019,English Premier League
368,9,Sheffield United,38,14,12,12,39,39,0,54,2019,English Premier League
369,10,Burnley,38,15,9,14,43,50,-7,54,2019,English Premier League
371,12,Everton,38,13,10,15,44,56,-12,49,2019,English Premier League
372,13,Newcastle United,38,11,11,16,38,58,-20,44,2019,English Premier League
374,15,Brighton & Hove Albion,38,9,14,15,39,54,-15,41,2019,English Premier League
375,16,West Ham United,38,10,9,19,49,62,-13,39,2019,English Premier League
378,19,Watford,38,8,10,20,36,64,-28,34,2019,English Premier League
379,20,Norwich City,38,5,6,27,26,75,-49,21,2019,English Premier League
380,1,Manchester City,38,27,5,6,83,32,51,86,2020,English Premier League
382,3,Liverpool,38,20,9,9,68,42,26,69,2020,English Premier League
383,4,Chelsea,38,19,10,9,58,36,22,67,2020,English Premier League
384,5,Leicester City,38,20,6,12,68,50,18,66,2020,English Premier League
385,6,West Ham United,38,19,8,11,62,47,15,65,2020,English Premier League
386,7,Tottenham Hotspur,38,18,8,12,68,45,23,62,2020,English Premier League
387,8,Arsenal,38,18,7,13,55,39,16,61,2020,English Premier League
388,9,Leeds United,38,18,5,15,62,54,8,59,2020,English Premier League
389,10,Everton,38,17,8,13,47,48,-1,59,2020,English Premier League
391,12,Newcastle United,38,12,9,17,46,62,-16,45,2020,English Premier League
392,13,Wolverhampton Wanderers,38,12,9,17,36,52,-16,45,2020,English Premier League
395,16,Brighton & Hove Albion,38,9,14,15,40,46,-6,41,2020,English Premier League
396,17,Burnley,38,10,9,19,33,55,-22,39,2020,English Premier League
397,18,Fulham,38,5,13,20,27,53,-26,28,2020,English Premier League
398,19,West Bromwich Albion,38,5,11,22,35,76,-41,26,2020,English Premier League
399,20,Sheffield United,38,7,2,29,20,63,-43,23,2020,English Premier League
400,1,Manchester City,37,28,6,3,96,24,72,90,2021,English Premier League
401,2,Liverpool,37,27,8,2,91,25,66,89,2021,English Premier League
402,3,Chelsea,37,20,11,6,74,32,42,71,2021,English Premier League
403,4,Tottenham Hotspur,37,21,5,11,64,40,24,68,2021,English Premier League
404,5,Arsenal,37,21,3,13,56,47,9,66,2021,English Premier League
406,7,West Ham United,37,16,8,13,59,48,11,56,2021,English Premier League
407,8,Wolverhampton Wanderers,37,15,6,16,37,40,-3,51,2021,English Premier League
408,9,Leicester City,37,13,10,14,58,58,0,49,2021,English Premier League
409,10,Brighton & Hove Albion,37,11,15,11,39,43,-4,48,2021,English Premier League
411,12,Newcastle United,37,12,10,15,42,61,-19,46,2021,English Premier League
415,16,Everton,37,11,6,20,42,61,-19,39,2021,English Premier League
416,17,Burnley,37,7,14,16,33,51,-18,35,2021,English Premier League
417,18,Leeds United,37,8,11,18,40,78,-38,35,2021,English Premier League
418,19,Watford,37,6,5,26,33,75,-42,23,2021,English Premier League
419,20,Norwich City,37,5,7,25,23,79,-56,22,2021,English Premier League
420,1,Real Madrid,28,18,5,5,0,0,0,59,2000,Spanish La Liga
421,2,Deportivo La Coruña,28,16,6,6,0,0,0,54,2000,Spanish La Liga
422,3,Valencia,28,14,7,7,0,0,0,49,2000,Spanish La Liga
423,4,Barcelona,28,14,7,7,0,0,0,49,2000,Spanish La Liga
424,5,Mallorca,28,12,10,6,0,0,0,46,2000,Spanish La Liga
425,6,Villarreal,28,12,6,10,0,0,0,42,2000,Spanish La Liga
428,9,Espanyol,28,11,6,11,0,0,0,39,2000,Spanish La Liga
429,10,Málaga,28,11,5,12,0,0,0,38,2000,Spanish La Liga
430,11,Rayo Vallecano,28,9,10,9,0,0,0,37,2000,Spanish La Liga
431,12,Athletic Bilbao,28,9,9,10,0,0,0,36,2000,Spanish La Liga
434,15,Real Valladolid,28,7,11,10,0,0,0,32,2000,Spanish La Liga
436,17,Osasuna,28,6,9,13,0,0,0,27,2000,Spanish La Liga
439,20,Real Sociedad,28,6,8,14,0,0,0,26,2000,Spanish La Liga
440,1,Valencia,38,21,12,5,51,27,24,75,2001,Spanish La Liga
441,2,Deportivo La Coruña,38,20,8,10,65,41,24,68,2001,Spanish La Liga
442,3,Real Madrid,38,19,9,10,69,44,25,66,2001,Spanish La Liga
443,4,Barcelona,38,18,10,10,65,37,28,64,2001,Spanish La Liga
447,8,Sevilla,38,14,11,13,51,40,11,53,2001,Spanish La Liga
448,9,Athletic Bilbao,38,14,11,13,54,66,-12,53,2001,Spanish La Liga
449,10,Málaga,38,13,14,11,44,44,0,53,2001,Spanish La Liga
450,11,Rayo Vallecano,38,13,10,15,46,52,-6,49,2001,Spanish La Liga
451,12,Real Valladolid,38,13,9,16,45,58,-13,48,2001,Spanish La Liga
452,13,Real Sociedad,38,13,8,17,48,54,-6,47,2001,Spanish La Liga
453,14,Espanyol,38,13,8,17,47,56,-9,47,2001,Spanish La Liga
454,15,Villarreal,38,11,10,17,46,55,-9,43,2001,Spanish La Liga
455,16,Mallorca,38,11,10,17,40,52,-12,43,2001,Spanish La Liga
456,17,Osasuna,38,10,12,16,36,49,-13,42,2001,Spanish La Liga
460,1,Real Madrid,38,22,12,4,86,42,44,78,2002,Spanish La Liga
461,2,Real Sociedad,38,22,10,6,71,45,26,76,2002,Spanish La Liga
462,3,Deportivo La Coruña,38,22,6,10,67,47,20,72,2002,Spanish La Liga
464,5,Valencia,38,17,9,12,56,35,21,60,2002,Spanish La Liga
465,6,Barcelona,38,15,11,12,63,47,16,56,2002,Spanish La Liga
466,7,Athletic Bilbao,38,15,10,13,63,61,2,55,2002,Spanish La Liga
468,9,Mallorca,38,14,10,14,49,56,-7,52,2002,Spanish La Liga
469,10,Sevilla,38,13,11,14,38,39,-1,50,2002,Spanish La Liga
470,11,Osasuna,38,12,11,15,40,48,-8,47,2002,Spanish La Liga
471,12,Atletico Madrid,38,12,11,15,51,56,-5,47,2002,Spanish La Liga
472,13,Málaga,38,11,13,14,44,49,-5,46,2002,Spanish La Liga
473,14,Real Valladolid,38,12,10,16,37,40,-3,46,2002,Spanish La Liga
474,15,Villarreal,38,11,12,15,44,53,-9,45,2002,Spanish La Liga
476,17,Espanyol,38,10,13,15,48,54,-6,43,2002,Spanish La Liga
479,20,Rayo Vallecano,38,7,11,20,31,62,-31,32,2002,Spanish La Liga
480,1,Valencia,38,23,8,7,71,27,44,77,2003,Spanish La Liga
481,2,Barcelona,38,21,9,8,63,39,24,72,2003,Spanish La Liga
482,3,Deportivo La Coruña,38,21,8,9,60,34,26,71,2003,Spanish La Liga
483,4,Real Madrid,38,21,7,10,72,54,18,70,2003,Spanish La Liga
484,5,Athletic Bilbao,38,15,11,12,53,49,4,56,2003,Spanish La Liga
485,6,Sevilla,38,15,10,13,56,45,11,55,2003,Spanish La Liga
486,7,Atletico Madrid,38,15,10,13,51,53,-2,55,2003,Spanish La Liga
487,8,Villarreal,38,15,9,14,47,49,-2,54,2003,Spanish La Liga
489,10,Málaga,38,15,6,17,50,55,-5,51,2003,Spanish La Liga
490,11,Mallorca,38,15,6,17,54,66,-12,51,2003,Spanish La Liga
492,13,Osasuna,38,11,15,12,38,37,1,48,2003,Spanish La Liga
494,15,Real Sociedad,38,11,13,14,49,53,-4,46,2003,Spanish La Liga
495,16,Espanyol,38,13,4,21,48,64,-16,43,2003,Spanish La Liga
497,18,Real Valladolid,38,10,11,17,46,56,-10,41,2003,Spanish La Liga
500,1,Barcelona,38,25,9,4,73,29,44,84,2004,Spanish La Liga
501,2,Real Madrid,38,25,5,8,71,32,39,80,2004,Spanish La Liga
502,3,Villarreal,38,18,11,9,69,37,32,65,2004,Spanish La Liga
504,5,Espanyol,38,17,10,11,54,46,8,61,2004,Spanish La Liga
505,6,Sevilla,38,17,9,12,44,41,3,60,2004,Spanish La Liga
506,7,Valencia,38,14,16,8,54,39,15,58,2004,Spanish La Liga
507,8,Deportivo La Coruña,38,12,15,11,46,50,-4,51,2004,Spanish La Liga
508,9,Athletic Bilbao,38,14,9,15,59,54,5,51,2004,Spanish La Liga
509,10,Málaga,38,15,6,17,40,48,-8,51,2004,Spanish La Liga
510,11,Atletico Madrid,38,13,11,14,40,34,6,50,2004,Spanish La Liga
512,13,Getafe,38,12,11,15,38,46,-8,47,2004,Spanish La Liga
513,14,Real Sociedad,38,13,8,17,47,56,-9,47,2004,Spanish La Liga
514,15,Osasuna,38,12,10,16,46,65,-19,46,2004,Spanish La Liga
516,17,Mallorca,38,10,9,19,42,63,-21,39,2004,Spanish La Liga
517,18,Levante,38,9,10,19,39,58,-19,37,2004,Spanish La Liga
520,1,Barcelona,38,25,7,6,80,35,45,82,2005,Spanish La Liga
521,2,Real Madrid,38,20,10,8,70,40,30,70,2005,Spanish La Liga
522,3,Valencia,38,19,12,7,58,33,25,69,2005,Spanish La Liga
523,4,Osasuna,38,21,5,12,49,43,6,68,2005,Spanish La Liga
524,5,Sevilla,38,20,8,10,54,39,15,68,2005,Spanish La Liga
526,7,Villarreal,38,14,15,9,50,39,11,57,2005,Spanish La Liga
527,8,Deportivo La Coruña,38,15,10,13,47,45,2,55,2005,Spanish La Liga
528,9,Getafe,38,15,9,14,54,49,5,54,2005,Spanish La Liga
529,10,Atletico Madrid,38,13,13,12,45,37,8,52,2005,Spanish La Liga
531,12,Athletic Bilbao,38,11,12,15,40,46,-6,45,2005,Spanish La Liga
532,13,Mallorca,38,10,13,15,37,51,-14,43,2005,Spanish La Liga
534,15,Espanyol,38,10,11,17,36,56,-20,41,2005,Spanish La Liga
535,16,Real Sociedad,38,11,7,20,48,65,-17,40,2005,Spanish La Liga
539,20,Málaga,38,5,9,24,36,68,-32,24,2005,Spanish La Liga
540,1,Real Madrid,38,23,7,8,66,40,26,76,2006,Spanish La Liga
541,2,Barcelona,38,22,10,6,78,33,45,76,2006,Spanish La Liga
542,3,Sevilla,38,21,8,9,64,35,29,71,2006,Spanish La Liga
543,4,Valencia,38,20,6,12,57,42,15,66,2006,Spanish La Liga
544,5,Villarreal,38,18,8,12,48,44,4,62,2006,Spanish La Liga
546,7,Atletico Madrid,38,17,9,12,46,39,7,60,2006,Spanish La Liga
548,9,Getafe,38,14,10,14,39,33,6,52,2006,Spanish La Liga
550,11,Espanyol,38,12,13,13,46,53,-7,49,2006,Spanish La Liga
551,12,Mallorca,38,14,7,17,41,47,-6,49,2006,Spanish La Liga
552,13,Deportivo La Coruña,38,12,11,15,32,45,-13,47,2006,Spanish La Liga
553,14,Osasuna,38,13,7,18,51,49,2,46,2006,Spanish La Liga
554,15,Levante,38,10,12,16,37,53,-16,42,2006,Spanish La Liga
556,17,Athletic Bilbao,38,10,10,18,44,62,-18,40,2006,Spanish La Liga
558,19,Real Sociedad,38,8,11,19,32,47,-15,35,2006,Spanish La Liga
560,1,Real Madrid,38,27,4,7,84,36,48,85,2007,Spanish La Liga
561,2,Villarreal,38,24,5,9,63,40,23,77,2007,Spanish La Liga
562,3,Barcelona,38,19,10,9,76,43,33,67,2007,Spanish La Liga
563,4,Atletico Madrid,38,19,7,12,66,47,19,64,2007,Spanish La Liga
564,5,Sevilla,38,20,4,14,75,49,26,64,2007,Spanish La Liga
566,7,Mallorca,38,15,14,9,69,54,15,59,2007,Spanish La Liga
567,8,Almería,38,14,10,14,42,45,-3,52,2007,Spanish La Liga
568,9,Deportivo La Coruña,38,15,7,16,46,47,-1,52,2007,Spanish La Liga
569,10,Valencia,38,15,6,17,48,62,-14,51,2007,Spanish La Liga
570,11,Athletic Bilbao,38,13,11,14,40,43,-3,50,2007,Spanish La Liga
571,12,Espanyol,38,13,9,16,43,53,-10,48,2007,Spanish La Liga
573,14,Getafe,38,12,11,15,44,48,-4,47,2007,Spanish La Liga
574,15,Real Valladolid,38,11,12,15,42,57,-15,45,2007,Spanish La Liga
576,17,Osasuna,38,12,7,19,37,44,-7,43,2007,Spanish La Liga
579,20,Levante,38,7,5,26,33,75,-42,26,2007,Spanish La Liga
580,1,Barcelona,38,27,6,5,105,35,70,87,2008,Spanish La Liga
581,2,Real Madrid,38,25,3,10,83,52,31,78,2008,Spanish La Liga
582,3,Sevilla,38,21,7,10,54,39,15,70,2008,Spanish La Liga
583,4,Atletico Madrid,38,20,7,11,80,57,23,67,2008,Spanish La Liga
584,5,Villarreal,38,18,11,9,61,54,7,65,2008,Spanish La Liga
585,6,Valencia,38,18,8,12,68,54,14,62,2008,Spanish La Liga
586,7,Deportivo La Coruña,38,16,10,12,48,47,1,58,2008,Spanish La Liga
587,8,Málaga,38,15,10,13,55,59,-4,55,2008,Spanish La Liga
588,9,Mallorca,38,14,9,15,53,60,-7,51,2008,Spanish La Liga
589,10,Espanyol,38,12,11,15,46,49,-3,47,2008,Spanish La Liga
590,11,Almería,38,13,7,18,45,61,-16,46,2008,Spanish La Liga
592,13,Athletic Bilbao,38,12,8,18,47,62,-15,44,2008,Spanish La Liga
594,15,Osasuna,38,10,13,15,41,47,-6,43,2008,Spanish La Liga
595,16,Real Valladolid,38,12,7,19,46,58,-12,43,2008,Spanish La Liga
596,17,Getafe,38,10,12,16,50,56,-6,42,2008,Spanish La Liga
600,1,Barcelona,38,31,6,1,98,24,74,99,2009,Spanish La Liga
601,2,Real Madrid,38,31,3,4,102,35,67,96,2009,Spanish La Liga
602,3,Valencia,38,21,8,9,59,40,19,71,2009,Spanish La Liga
603,4,Sevilla,38,19,6,13,65,49,16,63,2009,Spanish La Liga
604,5,Mallorca,38,18,8,12,59,44,15,62,2009,Spanish La Liga
605,6,Getafe,38,17,7,14,58,48,10,58,2009,Spanish La Liga
606,7,Villarreal,38,16,8,14,58,57,1,56,2009,Spanish La Liga
607,8,Athletic Bilbao,38,15,9,14,50,53,-3,54,2009,Spanish La Liga
608,9,Atletico Madrid,38,13,8,17,57,61,-4,47,2009,Spanish La Liga
609,10,Deportivo La Coruña,38,13,8,17,35,49,-14,47,2009,Spanish La Liga
610,11,Espanyol,38,11,11,16,29,46,-17,44,2009,Spanish La Liga
611,12,Osasuna,38,11,10,17,37,46,-9,43,2009,Spanish La Liga
612,13,Almería,38,10,12,16,43,55,-12,42,2009,Spanish La Liga
616,17,Málaga,38,7,16,15,42,48,-6,37,2009,Spanish La Liga
617,18,Real Valladolid,38,7,15,16,37,62,-25,36,2009,Spanish La Liga
620,1,Barcelona,38,30,6,2,95,21,74,96,2010,Spanish La Liga
621,2,Real Madrid,38,29,5,4,102,33,69,92,2010,Spanish La Liga
622,3,Valencia,38,21,8,9,64,44,20,71,2010,Spanish La Liga
623,4,Villarreal,38,18,8,12,54,44,10,62,2010,Spanish La Liga
624,5,Sevilla,38,17,7,14,62,61,1,58,2010,Spanish La Liga
625,6,Athletic Bilbao,38,18,4,16,59,55,4,58,2010,Spanish La Liga
626,7,Atletico Madrid,38,17,7,14,62,53,9,58,2010,Spanish La Liga
627,8,Espanyol,38,15,4,19,46,55,-9,49,2010,Spanish La Liga
628,9,Osasuna,38,13,8,17,45,46,-1,47,2010,Spanish La Liga
630,11,Málaga,38,13,7,18,54,68,-14,46,2010,Spanish La Liga
633,14,Levante,38,12,9,17,41,52,-11,45,2010,Spanish La Liga
634,15,Real Sociedad,38,14,3,21,49,66,-17,45,2010,Spanish La Liga
635,16,Getafe,38,12,8,18,49,60,-11,44,2010,Spanish La Liga
636,17,Mallorca,38,12,8,18,41,56,-15,44,2010,Spanish La Liga
637,18,Deportivo La Coruña,38,10,13,15,31,47,-16,43,2010,Spanish La Liga
638,19,Heracles Almelo,38,9,8,21,36,60,-24,35,2010,Spanish La Liga
639,20,Almería,38,6,12,20,36,70,-34,30,2010,Spanish La Liga
640,1,Real Madrid,38,32,4,2,121,32,89,100,2011,Spanish La Liga
641,2,Barcelona,38,28,7,3,114,29,85,91,2011,Spanish La Liga
642,3,Valencia,38,17,10,11,59,44,15,61,2011,Spanish La Liga
643,4,Málaga,38,17,7,14,54,53,1,58,2011,Spanish La Liga
644,5,Atletico Madrid,38,15,11,12,53,46,7,56,2011,Spanish La Liga
645,6,Levante,38,16,7,15,54,50,4,55,2011,Spanish La Liga
646,7,Osasuna,38,13,15,10,44,61,-17,54,2011,Spanish La Liga
647,8,Mallorca,38,14,10,14,42,46,-4,52,2011,Spanish La Liga
648,9,Sevilla,38,13,11,14,48,47,1,50,2011,Spanish La Liga
649,10,Athletic Bilbao,38,12,13,13,49,52,-3,49,2011,Spanish La Liga
650,11,Getafe,38,12,11,15,40,51,-11,47,2011,Spanish La Liga
651,12,Real Sociedad,38,12,11,15,46,52,-6,47,2011,Spanish La Liga
653,14,Espanyol,38,12,10,16,46,56,-10,46,2011,Spanish La Liga
654,15,Rayo Vallecano,38,13,4,21,53,73,-20,43,2011,Spanish La Liga
656,17,Granada,38,12,6,20,35,56,-21,42,2011,Spanish La Liga
657,18,Villarreal,38,9,14,15,39,53,-14,41,2011,Spanish La Liga
660,1,Barcelona,38,32,4,2,115,40,75,100,2012,Spanish La Liga
661,2,Real Madrid,38,26,7,5,103,42,61,85,2012,Spanish La Liga
662,3,Atletico Madrid,38,23,7,8,65,31,34,76,2012,Spanish La Liga
663,4,Real Sociedad,38,18,12,8,70,49,21,66,2012,Spanish La Liga
664,5,Valencia,38,19,8,11,67,54,13,65,2012,Spanish La Liga
665,6,Málaga,38,16,9,13,53,50,3,57,2012,Spanish La Liga
667,8,Rayo Vallecano,38,16,5,17,50,66,-16,53,2012,Spanish La Liga
668,9,Sevilla,38,14,8,16,58,54,4,50,2012,Spanish La Liga
669,10,Getafe,38,13,8,17,43,57,-14,47,2012,Spanish La Liga
670,11,Levante,38,12,10,16,40,57,-17,46,2012,Spanish La Liga
671,12,Athletic Bilbao,38,12,9,17,44,65,-21,45,2012,Spanish La Liga
672,13,Espanyol,38,11,11,16,43,52,-9,44,2012,Spanish La Liga
673,14,Real Valladolid,38,11,10,17,49,58,-9,43,2012,Spanish La Liga
674,15,Granada,38,11,9,18,37,54,-17,42,2012,Spanish La Liga
675,16,Osasuna,38,10,9,19,33,50,-17,39,2012,Spanish La Liga
677,18,Mallorca,38,9,9,20,43,72,-29,36,2012,Spanish La Liga
678,19,Deportivo La Coruña,38,8,11,19,47,70,-23,35,2012,Spanish La Liga
680,1,Atletico Madrid,38,28,6,4,77,26,51,90,2013,Spanish La Liga
681,2,Barcelona,38,27,6,5,100,33,67,87,2013,Spanish La Liga
682,3,Real Madrid,38,27,6,5,104,38,66,87,2013,Spanish La Liga
683,4,Athletic Bilbao,38,20,10,8,66,39,27,70,2013,Spanish La Liga
684,5,Sevilla,38,18,9,11,69,52,17,63,2013,Spanish La Liga
685,6,Villarreal,38,17,8,13,60,44,16,59,2013,Spanish La Liga
686,7,Real Sociedad,38,16,11,11,62,55,7,59,2013,Spanish La Liga
687,8,Valencia,38,13,10,15,51,53,-2,49,2013,Spanish La Liga
689,10,Levante,38,12,12,14,35,43,-8,48,2013,Spanish La Liga
690,11,Málaga,38,12,9,17,39,46,-7,45,2013,Spanish La Liga
691,12,Rayo Vallecano,38,13,4,21,46,80,-34,43,2013,Spanish La Liga
692,13,Getafe,38,11,9,18,35,54,-19,42,2013,Spanish La Liga
693,14,Espanyol,38,11,9,18,41,51,-10,42,2013,Spanish La Liga
694,15,Granada,38,12,5,21,32,56,-24,41,2013,Spanish La Liga
696,17,Almería,38,11,7,20,43,71,-28,40,2013,Spanish La Liga
697,18,Osasuna,38,10,9,19,32,62,-30,39,2013,Spanish La Liga
698,19,Real Valladolid,38,7,15,16,38,60,-22,36,2013,Spanish La Liga
700,1,Barcelona,38,30,4,4,110,21,89,94,2014,Spanish La Liga
701,2,Real Madrid,38,30,2,6,118,38,80,92,2014,Spanish La Liga
702,3,Atletico Madrid,38,23,9,6,67,29,38,78,2014,Spanish La Liga
703,4,Valencia,38,22,11,5,70,32,38,77,2014,Spanish La Liga
704,5,Sevilla,38,23,7,8,71,45,26,76,2014,Spanish La Liga
705,6,Villarreal,38,16,12,10,48,37,11,60,2014,Spanish La Liga
706,7,Athletic Bilbao,38,15,10,13,42,41,1,55,2014,Spanish La Liga
708,9,Málaga,38,14,8,16,42,48,-6,50,2014,Spanish La Liga
709,10,Espanyol,38,13,10,15,47,51,-4,49,2014,Spanish La Liga
710,11,Rayo Vallecano,38,15,4,19,46,68,-22,49,2014,Spanish La Liga
711,12,Real Sociedad,38,11,13,14,44,51,-7,46,2014,Spanish La Liga
713,14,Levante,38,9,10,19,34,67,-33,37,2014,Spanish La Liga
714,15,Getafe,38,10,7,21,33,64,-31,37,2014,Spanish La Liga
715,16,Deportivo La Coruña,38,7,14,17,35,60,-25,35,2014,Spanish La Liga
716,17,Granada,38,7,14,17,29,64,-35,35,2014,Spanish La Liga
717,18,Eibar,38,9,8,21,34,55,-21,35,2014,Spanish La Liga
718,19,Almería,38,8,8,22,35,64,-29,29,2014,Spanish La Liga
720,1,Barcelona,38,29,4,5,112,29,83,91,2015,Spanish La Liga
721,2,Real Madrid,38,28,6,4,110,34,76,90,2015,Spanish La Liga
722,3,Atletico Madrid,38,28,4,6,63,18,45,88,2015,Spanish La Liga
723,4,Villarreal,38,18,10,10,44,35,9,64,2015,Spanish La Liga
724,5,Athletic Bilbao,38,18,8,12,58,45,13,62,2015,Spanish La Liga
726,7,Sevilla,38,14,10,14,51,50,1,52,2015,Spanish La Liga
727,8,Málaga,38,12,12,14,38,35,3,48,2015,Spanish La Liga
728,9,Real Sociedad,38,13,9,16,45,48,-3,48,2015,Spanish La Liga
731,12,Valencia,38,11,11,16,46,48,-2,44,2015,Spanish La Liga
732,13,Espanyol,38,12,7,19,40,74,-34,43,2015,Spanish La Liga
733,14,Eibar,38,11,10,17,49,61,-12,43,2015,Spanish La Liga
734,15,Deportivo La Coruña,38,8,18,12,45,61,-16,42,2015,Spanish La Liga
735,16,Granada,38,10,9,19,46,69,-23,39,2015,Spanish La Liga
737,18,Rayo Vallecano,38,9,11,18,52,73,-21,38,2015,Spanish La Liga
738,19,Getafe,38,9,9,20,37,67,-30,36,2015,Spanish La Liga
739,20,Levante,38,8,8,22,37,70,-33,32,2015,Spanish La Liga
740,1,Real Madrid,38,29,6,3,106,41,65,93,2016,Spanish La Liga
741,2,Barcelona,38,28,6,4,116,37,79,90,2016,Spanish La Liga
742,3,Atletico Madrid,38,23,9,6,70,27,43,78,2016,Spanish La Liga
743,4,Sevilla,38,21,9,8,69,49,20,72,2016,Spanish La Liga
744,5,Villarreal,38,19,10,9,56,33,23,67,2016,Spanish La Liga
745,6,Real Sociedad,38,19,7,12,59,53,6,64,2016,Spanish La Liga
746,7,Athletic Bilbao,38,19,6,13,53,43,10,63,2016,Spanish La Liga
747,8,Espanyol,38,15,11,12,49,50,-1,56,2016,Spanish La Liga
749,10,Eibar,38,15,9,14,56,51,5,54,2016,Spanish La Liga
750,11,Málaga,38,12,10,16,49,55,-6,46,2016,Spanish La Liga
751,12,Valencia,38,13,7,18,56,65,-9,46,2016,Spanish La Liga
755,16,Deportivo La Coruña,38,8,12,18,43,61,-18,36,2016,Spanish La Liga
758,19,Osasuna,38,4,10,24,40,94,-54,22,2016,Spanish La Liga
759,20,Granada,38,4,8,26,30,82,-52,20,2016,Spanish La Liga
760,1,Barcelona,38,28,9,1,99,29,70,93,2017,Spanish La Liga
761,2,Atletico Madrid,38,23,10,5,58,22,36,79,2017,Spanish La Liga
762,3,Real Madrid,38,22,10,6,94,44,50,76,2017,Spanish La Liga
763,4,Valencia,38,22,7,9,65,38,27,73,2017,Spanish La Liga
764,5,Villarreal,38,18,7,13,57,50,7,61,2017,Spanish La Liga
766,7,Sevilla,38,17,7,14,49,58,-9,58,2017,Spanish La Liga
767,8,Getafe,38,15,10,13,42,33,9,55,2017,Spanish La Liga
768,9,Eibar,38,14,9,15,44,50,-6,51,2017,Spanish La Liga
770,11,Espanyol,38,12,13,13,36,42,-6,49,2017,Spanish La Liga
771,12,Real Sociedad,38,14,7,17,66,59,7,49,2017,Spanish La Liga
774,15,Levante,38,11,13,14,44,58,-14,46,2017,Spanish La Liga
775,16,Athletic Bilbao,38,10,13,15,41,49,-8,43,2017,Spanish La Liga
777,18,Deportivo La Coruña,38,6,11,21,38,76,-38,29,2017,Spanish La Liga
779,20,Málaga,38,5,5,28,24,61,-37,20,2017,Spanish La Liga
780,1,Barcelona,38,26,9,3,90,36,54,87,2018,Spanish La Liga
781,2,Atletico Madrid,38,22,10,6,55,29,26,76,2018,Spanish La Liga
782,3,Real Madrid,38,21,5,12,63,46,17,68,2018,Spanish La Liga
783,4,Valencia,38,15,16,7,51,35,16,61,2018,Spanish La Liga
784,5,Getafe,38,15,14,9,48,35,13,59,2018,Spanish La Liga
785,6,Sevilla,38,17,8,13,62,47,15,59,2018,Spanish La Liga
786,7,Espanyol,38,14,11,13,48,50,-2,53,2018,Spanish La Liga
787,8,Athletic Bilbao,38,13,14,11,41,45,-4,53,2018,Spanish La Liga
788,9,Real Sociedad,38,13,11,14,45,46,-1,50,2018,Spanish La Liga
791,12,Eibar,38,11,14,13,46,50,-4,47,2018,Spanish La Liga
793,14,Villarreal,38,10,14,14,49,52,-3,44,2018,Spanish La Liga
794,15,Levante,38,11,11,16,59,66,-7,44,2018,Spanish La Liga
795,16,Real Valladolid,38,10,11,17,32,51,-19,41,2018,Spanish La Liga
799,20,Rayo Vallecano,38,8,8,22,41,70,-29,32,2018,Spanish La Liga
800,1,Real Madrid,38,26,9,3,70,25,45,87,2019,Spanish La Liga
801,2,Barcelona,38,25,7,6,86,38,48,82,2019,Spanish La Liga
802,3,Atletico Madrid,38,18,16,4,51,27,24,70,2019,Spanish La Liga
803,4,Sevilla,38,19,13,6,54,34,20,70,2019,Spanish La Liga
804,5,Villarreal,38,18,6,14,63,49,14,60,2019,Spanish La Liga
805,6,Real Sociedad,38,16,8,14,56,48,8,56,2019,Spanish La Liga
806,7,Granada,38,16,8,14,52,45,7,56,2019,Spanish La Liga
807,8,Getafe,38,14,12,12,43,37,6,54,2019,Spanish La Liga
808,9,Valencia,38,14,11,13,46,53,-7,53,2019,Spanish La Liga
809,10,Osasuna,38,13,13,12,46,54,-8,52,2019,Spanish La Liga
810,11,Athletic Bilbao,38,13,12,13,41,38,3,51,2019,Spanish La Liga
811,12,Levante,38,14,7,17,47,53,-6,49,2019,Spanish La Liga
812,13,Real Valladolid,38,9,15,14,32,43,-11,42,2019,Spanish La Liga
813,14,Eibar,38,11,9,18,39,56,-17,42,2019,Spanish La Liga
818,19,Mallorca,38,9,6,23,40,65,-25,33,2019,Spanish La Liga
819,20,Espanyol,38,5,10,23,27,58,-31,25,2019,Spanish La Liga
820,1,Atletico Madrid,38,26,8,4,67,25,42,86,2020,Spanish La Liga
821,2,Real Madrid,38,25,9,4,67,28,39,84,2020,Spanish La Liga
822,3,Barcelona,38,24,7,7,85,38,47,79,2020,Spanish La Liga
823,4,Sevilla,38,24,5,9,53,33,20,77,2020,Spanish La Liga
824,5,Real Sociedad,38,17,11,10,59,38,21,62,2020,Spanish La Liga
826,7,Villarreal,38,15,13,10,60,44,16,58,2020,Spanish La Liga
828,9,Granada,38,13,7,18,47,65,-18,46,2020,Spanish La Liga
829,10,Athletic Bilbao,38,11,13,14,46,42,4,46,2020,Spanish La Liga
830,11,Osasuna,38,11,11,16,37,48,-11,44,2020,Spanish La Liga
832,13,Valencia,38,10,13,15,50,53,-3,43,2020,Spanish La Liga
833,14,Levante,38,9,14,15,46,57,-11,41,2020,Spanish La Liga
834,15,Getafe,38,9,11,18,28,43,-15,38,2020,Spanish La Liga
838,19,Real Valladolid,38,5,16,17,34,57,-23,31,2020,Spanish La Liga
839,20,Eibar,38,6,12,20,29,52,-23,30,2020,Spanish La Liga
840,1,Real Madrid,37,26,7,4,80,31,49,85,2021,Spanish La Liga
841,2,Barcelona,37,21,10,6,68,36,32,73,2021,Spanish La Liga
842,3,Atletico Madrid,37,20,8,9,63,42,21,68,2021,Spanish La Liga
843,4,Sevilla,37,17,16,4,52,30,22,67,2021,Spanish La Liga
845,6,Real Sociedad,37,17,11,9,39,35,4,62,2021,Spanish La Liga
846,7,Villarreal,37,15,11,11,61,37,24,56,2021,Spanish La Liga
847,8,Athletic Bilbao,37,14,13,10,43,35,8,55,2021,Spanish La Liga
848,9,Osasuna,37,12,11,14,37,49,-12,47,2021,Spanish La Liga
850,11,Valencia,37,10,15,12,46,53,-7,45,2021,Spanish La Liga
851,12,Rayo Vallecano,37,11,9,17,37,46,-9,42,2021,Spanish La Liga
852,13,Espanyol,37,10,11,16,40,53,-13,41,2021,Spanish La Liga
853,14,Getafe,37,8,15,14,32,38,-6,39,2021,Spanish La Liga
855,16,Granada,37,8,13,16,44,61,-17,37,2021,Spanish La Liga
856,17,Mallorca,37,9,9,19,34,63,-29,36,2021,Spanish La Liga
858,19,Levante,37,7,11,19,47,74,-27,32,2021,Spanish La Liga
860,1,Bayern Munich,27,15,4,8,0,0,0,49,2000,German Bundesliga
861,2,Borussia Dortmund,27,14,6,7,0,0,0,48,2000,German Bundesliga
862,3,Schalke 04,27,13,7,7,0,0,0,46,2000,German Bundesliga
863,4,Bayer Leverkusen,27,14,4,9,0,0,0,46,2000,German Bundesliga
864,5,Hertha Berlin,27,15,1,11,0,0,0,46,2000,German Bundesliga
867,8,Werder Bremen,27,11,7,9,0,0,0,40,2000,German Bundesliga
868,9,VfL Wolfsburg,27,10,9,8,0,0,0,39,2000,German Bundesliga
870,11,Hannover 96,27,10,4,13,0,0,0,34,2000,German Bundesliga
876,17,VfB Stuttgart,27,6,9,12,0,0,0,27,2000,German Bundesliga
878,1,Borussia Dortmund,34,21,7,6,62,33,29,70,2001,German Bundesliga
879,2,Bayer Leverkusen,34,21,6,7,77,38,39,69,2001,German Bundesliga
880,3,Bayern Munich,34,20,8,6,65,25,40,68,2001,German Bundesliga
881,4,Hertha Berlin,34,18,7,9,61,38,23,61,2001,German Bundesliga
882,5,Schalke 04,34,18,7,9,52,36,16,61,2001,German Bundesliga
883,6,Werder Bremen,34,17,5,12,54,43,11,56,2001,German Bundesliga
885,8,VfB Stuttgart,34,13,11,10,47,43,4,50,2001,German Bundesliga
887,10,VfL Wolfsburg,34,13,7,14,57,49,8,46,2001,German Bundesliga
889,12,Borussia Monchengladbach,34,9,12,13,41,53,-12,39,2001,German Bundesliga
891,14,Hannover 96,34,9,7,18,35,54,-19,34,2001,German Bundesliga
896,1,Bayern Munich,34,23,6,5,70,25,45,75,2002,German Bundesliga
897,2,VfB Stuttgart,34,17,8,9,53,39,14,59,2002,German Bundesliga
898,3,Borussia Dortmund,34,15,13,6,51,27,24,58,2002,German Bundesliga
900,5,Hertha Berlin,34,16,6,12,52,43,9,54,2002,German Bundesliga
901,6,Werder Bremen,34,16,4,14,51,50,1,52,2002,German Bundesliga
902,7,Schalke 04,34,12,13,9,46,40,6,49,2002,German Bundesliga
903,8,VfL Wolfsburg,34,13,7,14,39,42,-3,46,2002,German Bundesliga
906,11,Hannover 96,34,12,7,15,47,57,-10,43,2002,German Bundesliga
907,12,Borussia Monchengladbach,34,11,9,14,43,45,-2,42,2002,German Bundesliga
908,13,Hannover 96,34,11,8,15,35,41,-6,41,2002,German Bundesliga
910,15,Bayer Leverkusen,34,11,7,16,47,56,-9,40,2002,German Bundesliga
914,1,Werder Bremen,34,22,8,4,79,38,41,74,2003,German Bundesliga
915,2,Bayern Munich,34,20,8,6,70,39,31,68,2003,German Bundesliga
916,3,Bayer Leverkusen,34,19,8,7,73,39,34,65,2003,German Bundesliga
917,4,VfB Stuttgart,34,18,10,6,52,24,28,64,2003,German Bundesliga
919,6,Borussia Dortmund,34,16,7,11,59,48,11,55,2003,German Bundesliga
920,7,Schalke 04,34,13,11,10,49,42,7,50,2003,German Bundesliga
922,9,Hannover 96,34,12,8,14,55,54,1,44,2003,German Bundesliga
923,10,VfL Wolfsburg,34,13,3,18,56,61,-5,42,2003,German Bundesliga
924,11,Borussia Monchengladbach,34,10,9,15,40,49,-9,39,2003,German Bundesliga
925,12,Hertha Berlin,34,9,12,13,42,59,-17,39,2003,German Bundesliga
927,14,Hannover 96,34,9,10,15,49,63,-14,37,2003,German Bundesliga
932,1,Bayern Munich,34,24,5,5,75,33,42,77,2004,German Bundesliga
933,2,Schalke 04,34,20,3,11,56,46,10,63,2004,German Bundesliga
934,3,Werder Bremen,34,18,5,11,68,37,31,59,2004,German Bundesliga
935,4,Hertha Berlin,34,15,13,6,59,31,28,58,2004,German Bundesliga
936,5,VfB Stuttgart,34,17,7,10,54,40,14,58,2004,German Bundesliga
937,6,Bayer Leverkusen,34,16,9,9,65,44,21,57,2004,German Bundesliga
938,7,Borussia Dortmund,34,15,10,9,47,44,3,55,2004,German Bundesliga
940,9,VfL Wolfsburg,34,15,3,16,49,51,-2,48,2004,German Bundesliga
941,10,Hannover 96,34,13,6,15,34,36,-2,45,2004,German Bundesliga
946,15,Borussia Monchengladbach,34,8,12,14,35,51,-16,36,2004,German Bundesliga
948,17,Hannover 96,34,7,9,18,31,65,-34,30,2004,German Bundesliga
950,1,Bayern Munich,34,22,9,3,67,32,35,75,2005,German Bundesliga
951,2,Werder Bremen,34,21,7,6,79,37,42,70,2005,German Bundesliga
953,4,Schalke 04,34,16,13,5,47,31,16,61,2005,German Bundesliga
954,5,Bayer Leverkusen,34,14,10,10,64,49,15,52,2005,German Bundesliga
955,6,Hertha Berlin,34,12,12,10,52,48,4,48,2005,German Bundesliga
956,7,Borussia Dortmund,34,11,13,10,45,42,3,46,2005,German Bundesliga
958,9,VfB Stuttgart,34,9,16,9,37,39,-2,43,2005,German Bundesliga
959,10,Borussia Monchengladbach,34,10,12,12,42,50,-8,42,2005,German Bundesliga
961,12,Hannover 96,34,7,17,10,43,47,-4,38,2005,German Bundesliga
964,15,VfL Wolfsburg,34,7,13,14,33,55,-22,34,2005,German Bundesliga
968,1,VfB Stuttgart,34,21,7,6,61,37,24,70,2006,German Bundesliga
969,2,Schalke 04,34,21,5,8,53,32,21,68,2006,German Bundesliga
970,3,Werder Bremen,34,20,6,8,76,40,36,66,2006,German Bundesliga
971,4,Bayern Munich,34,18,6,10,55,40,15,60,2006,German Bundesliga
972,5,Bayer Leverkusen,34,15,6,13,54,49,5,51,2006,German Bundesliga
976,9,Borussia Dortmund,34,12,8,14,41,43,-2,44,2006,German Bundesliga
977,10,Hertha Berlin,34,12,8,14,50,55,-5,44,2006,German Bundesliga
978,11,Hannover 96,34,12,8,14,41,50,-9,44,2006,German Bundesliga
982,15,VfL Wolfsburg,34,8,13,13,37,45,-8,37,2006,German Bundesliga
985,18,Borussia Monchengladbach,34,6,8,20,23,44,-21,26,2006,German Bundesliga
986,1,Bayern Munich,34,22,10,2,68,21,47,76,2007,German Bundesliga
987,2,Werder Bremen,34,20,6,8,75,45,30,66,2007,German Bundesliga
988,3,Schalke 04,34,18,10,6,55,32,23,64,2007,German Bundesliga
990,5,VfL Wolfsburg,34,15,9,10,58,46,12,54,2007,German Bundesliga
991,6,VfB Stuttgart,34,16,4,14,57,57,0,52,2007,German Bundesliga
992,7,Bayer Leverkusen,34,15,6,13,57,40,17,51,2007,German Bundesliga
993,8,Hannover 96,34,13,10,11,54,56,-2,49,2007,German Bundesliga
995,10,Hertha Berlin,34,12,8,14,39,44,-5,44,2007,German Bundesliga
998,13,Borussia Dortmund,34,10,10,14,50,62,-12,40,2007,German Bundesliga
1002,17,Hannover 96,34,8,6,20,30,52,-22,30,2007,German Bundesliga
1004,1,VfL Wolfsburg,34,21,6,7,80,41,39,69,2008,German Bundesliga
1005,2,Bayern Munich,34,20,7,7,71,42,29,67,2008,German Bundesliga
1006,3,VfB Stuttgart,34,19,7,8,63,43,20,64,2008,German Bundesliga
1007,4,Hertha Berlin,34,19,6,9,48,41,7,63,2008,German Bundesliga
1009,6,Borussia Dortmund,34,15,14,5,60,37,23,59,2008,German Bundesliga
1010,7,TSG Hoffenheim,34,15,10,9,63,49,14,55,2008,German Bundesliga
1011,8,Schalke 04,34,14,8,12,47,35,12,50,2008,German Bundesliga
1012,9,Bayer Leverkusen,34,14,7,13,59,46,13,49,2008,German Bundesliga
1013,10,Werder Bremen,34,12,9,13,64,50,14,45,2008,German Bundesliga
1014,11,Hannover 96,34,10,10,14,49,69,-20,40,2008,German Bundesliga
1018,15,Borussia Monchengladbach,34,8,7,19,39,62,-23,31,2008,German Bundesliga
1022,1,Bayern Munich,34,20,10,4,72,31,41,70,2009,German Bundesliga
1023,2,Schalke 04,34,19,8,7,53,31,22,65,2009,German Bundesliga
1024,3,Werder Bremen,34,17,10,7,71,40,31,61,2009,German Bundesliga
1025,4,Bayer Leverkusen,34,15,14,5,65,38,27,59,2009,German Bundesliga
1026,5,Borussia Dortmund,34,16,9,9,54,42,12,57,2009,German Bundesliga
1027,6,VfB Stuttgart,34,15,10,9,51,41,10,55,2009,German Bundesliga
1029,8,VfL Wolfsburg,34,14,8,12,64,58,6,50,2009,German Bundesliga
1032,11,TSG Hoffenheim,34,11,9,14,44,42,2,42,2009,German Bundesliga
1033,12,Borussia Monchengladbach,34,10,9,15,43,60,-17,39,2009,German Bundesliga
1036,15,Hannover 96,34,9,6,19,43,67,-24,33,2009,German Bundesliga
1039,18,Hertha Berlin,34,5,9,20,34,56,-22,24,2009,German Bundesliga
1040,1,Borussia Dortmund,34,23,6,5,67,22,45,75,2010,German Bundesliga
1041,2,Bayer Leverkusen,34,20,8,6,64,44,20,68,2010,German Bundesliga
1042,3,Bayern Munich,34,19,8,7,81,40,41,65,2010,German Bundesliga
1043,4,Hannover 96,34,19,3,12,49,45,4,60,2010,German Bundesliga
1050,11,TSG Hoffenheim,34,11,10,13,50,50,0,43,2010,German Bundesliga
1051,12,VfB Stuttgart,34,12,6,16,60,59,1,42,2010,German Bundesliga
1052,13,Werder Bremen,34,10,11,13,47,61,-14,41,2010,German Bundesliga
1053,14,Schalke 04,34,11,7,16,38,44,-6,40,2010,German Bundesliga
1054,15,VfL Wolfsburg,34,9,11,14,43,48,-5,38,2010,German Bundesliga
1055,16,Borussia Monchengladbach,34,10,6,18,48,65,-17,36,2010,German Bundesliga
1058,1,Borussia Dortmund,34,25,6,3,80,25,55,81,2011,German Bundesliga
1059,2,Bayern Munich,34,23,4,7,77,22,55,73,2011,German Bundesliga
1060,3,Schalke 04,34,20,4,10,74,44,30,64,2011,German Bundesliga
1061,4,Borussia Monchengladbach,34,17,9,8,49,24,25,60,2011,German Bundesliga
1062,5,Bayer Leverkusen,34,15,9,10,52,44,8,54,2011,German Bundesliga
1063,6,VfB Stuttgart,34,15,8,11,63,46,17,53,2011,German Bundesliga
1064,7,Hannover 96,34,12,12,10,41,45,-4,48,2011,German Bundesliga
1065,8,VfL Wolfsburg,34,13,5,16,47,60,-13,44,2011,German Bundesliga
1066,9,Werder Bremen,34,11,9,14,49,58,-9,42,2011,German Bundesliga
1068,11,TSG Hoffenheim,34,10,11,13,41,47,-6,41,2011,German Bundesliga
1071,14,FC Augsburg,34,8,14,12,36,49,-13,38,2011,German Bundesliga
1073,16,Hertha Berlin,34,7,10,17,38,64,-26,31,2011,German Bundesliga
1076,1,Bayern Munich,34,29,4,1,98,18,80,91,2012,German Bundesliga
1077,2,Borussia Dortmund,34,19,9,6,81,42,39,66,2012,German Bundesliga
1078,3,Bayer Leverkusen,34,19,8,7,65,39,26,65,2012,German Bundesliga
1079,4,Schalke 04,34,16,7,11,58,50,8,55,2012,German Bundesliga
1083,8,Borussia Monchengladbach,34,12,11,11,45,49,-4,47,2012,German Bundesliga
1084,9,Hannover 96,34,13,6,15,60,62,-2,45,2012,German Bundesliga
1086,11,VfL Wolfsburg,34,10,13,11,47,52,-5,43,2012,German Bundesliga
1087,12,VfB Stuttgart,34,12,7,15,37,55,-18,43,2012,German Bundesliga
1089,14,Werder Bremen,34,8,10,16,50,66,-16,34,2012,German Bundesliga
1090,15,FC Augsburg,34,8,9,17,33,51,-18,33,2012,German Bundesliga
1091,16,TSG Hoffenheim,34,8,7,19,42,67,-25,31,2012,German Bundesliga
1094,1,Bayern Munich,34,29,3,2,94,23,71,90,2013,German Bundesliga
1095,2,Borussia Dortmund,34,22,5,7,80,38,42,71,2013,German Bundesliga
1096,3,Schalke 04,34,19,7,8,63,43,20,64,2013,German Bundesliga
1097,4,Bayer Leverkusen,34,19,4,11,60,41,19,61,2013,German Bundesliga
1098,5,VfL Wolfsburg,34,18,6,10,63,50,13,60,2013,German Bundesliga
1099,6,Borussia Monchengladbach,34,16,7,11,59,43,16,55,2013,German Bundesliga
1101,8,FC Augsburg,34,15,7,12,47,47,0,52,2013,German Bundesliga
1102,9,TSG Hoffenheim,34,11,11,12,72,70,2,44,2013,German Bundesliga
1103,10,Hannover 96,34,12,6,16,46,59,-13,42,2013,German Bundesliga
1104,11,Hertha Berlin,34,11,8,15,40,48,-8,41,2013,German Bundesliga
1105,12,Werder Bremen,34,10,9,15,42,66,-24,39,2013,German Bundesliga
1108,15,VfB Stuttgart,34,8,8,18,49,62,-13,32,2013,German Bundesliga
1112,1,Bayern Munich,34,25,4,5,80,18,62,79,2014,German Bundesliga
1113,2,VfL Wolfsburg,34,20,9,5,72,38,34,69,2014,German Bundesliga
1114,3,Borussia Monchengladbach,34,19,9,6,53,26,27,66,2014,German Bundesliga
1115,4,Bayer Leverkusen,34,17,10,7,62,37,25,61,2014,German Bundesliga
1116,5,FC Augsburg,34,15,4,15,43,43,0,49,2014,German Bundesliga
1117,6,Schalke 04,34,13,9,12,42,40,2,48,2014,German Bundesliga
1118,7,Borussia Dortmund,34,13,7,14,47,42,5,46,2014,German Bundesliga
1119,8,TSG Hoffenheim,34,12,8,14,49,55,-6,44,2014,German Bundesliga
1121,10,Werder Bremen,34,11,10,13,50,65,-15,43,2014,German Bundesliga
1124,13,Hannover 96,34,9,10,15,40,56,-16,37,2014,German Bundesliga
1125,14,VfB Stuttgart,34,9,9,16,42,60,-18,36,2014,German Bundesliga
1126,15,Hertha Berlin,34,9,8,17,36,52,-16,35,2014,German Bundesliga
1130,1,Bayern Munich,34,28,4,2,80,17,63,88,2015,German Bundesliga
1131,2,Borussia Dortmund,34,24,6,4,82,34,48,78,2015,German Bundesliga
1132,3,Bayer Leverkusen,34,18,6,10,56,40,16,60,2015,German Bundesliga
1133,4,Borussia Monchengladbach,34,17,4,13,67,50,17,55,2015,German Bundesliga
1134,5,Schalke 04,34,15,7,12,51,49,2,52,2015,German Bundesliga
1136,7,Hertha Berlin,34,14,8,12,42,42,0,50,2015,German Bundesliga
1137,8,VfL Wolfsburg,34,12,9,13,47,49,-2,45,2015,German Bundesliga
1141,12,FC Augsburg,34,9,11,14,42,52,-10,38,2015,German Bundesliga
1142,13,Werder Bremen,34,10,8,16,50,65,-15,38,2015,German Bundesliga
1144,15,TSG Hoffenheim,34,9,10,15,39,54,-15,37,2015,German Bundesliga
1146,17,VfB Stuttgart,34,9,6,19,50,75,-25,33,2015,German Bundesliga
1147,18,Hannover 96,34,7,4,23,31,62,-31,25,2015,German Bundesliga
1148,1,Bayern Munich,34,25,7,2,89,22,67,82,2016,German Bundesliga
1150,3,Borussia Dortmund,34,18,10,6,72,40,32,64,2016,German Bundesliga
1151,4,TSG Hoffenheim,34,16,14,4,64,37,27,62,2016,German Bundesliga
1153,6,Hertha Berlin,34,15,4,15,43,47,-4,49,2016,German Bundesliga
1155,8,Werder Bremen,34,13,6,15,61,64,-3,45,2016,German Bundesliga
1156,9,Borussia Monchengladbach,34,12,9,13,45,49,-4,45,2016,German Bundesliga
1157,10,Schalke 04,34,11,10,13,45,40,5,43,2016,German Bundesliga
1159,12,Bayer Leverkusen,34,11,8,15,53,55,-2,41,2016,German Bundesliga
1160,13,FC Augsburg,34,9,11,14,35,51,-16,38,2016,German Bundesliga
1163,16,VfL Wolfsburg,34,10,7,17,34,52,-18,37,2016,German Bundesliga
1166,1,Bayern Munich,34,27,3,4,92,28,64,84,2017,German Bundesliga
1167,2,Schalke 04,34,18,9,7,53,37,16,63,2017,German Bundesliga
1168,3,TSG Hoffenheim,34,15,10,9,66,48,18,55,2017,German Bundesliga
1169,4,Borussia Dortmund,34,15,10,9,64,47,17,55,2017,German Bundesliga
1170,5,Bayer Leverkusen,34,15,10,9,58,44,14,55,2017,German Bundesliga
1172,7,VfB Stuttgart,34,15,6,13,36,36,0,51,2017,German Bundesliga
1174,9,Borussia Monchengladbach,34,13,8,13,47,52,-5,47,2017,German Bundesliga
1175,10,Hertha Berlin,34,10,13,11,43,46,-3,43,2017,German Bundesliga
1176,11,Werder Bremen,34,10,12,12,37,40,-3,42,2017,German Bundesliga
1177,12,FC Augsburg,34,10,11,13,43,46,-3,41,2017,German Bundesliga
1178,13,Hannover 96,34,10,9,15,44,54,-10,39,2017,German Bundesliga
1181,16,VfL Wolfsburg,34,6,15,13,36,48,-12,33,2017,German Bundesliga
1184,1,Bayern Munich,34,24,6,4,88,32,56,78,2018,German Bundesliga
1185,2,Borussia Dortmund,34,23,7,4,81,44,37,76,2018,German Bundesliga
1187,4,Bayer Leverkusen,34,18,4,12,69,52,17,58,2018,German Bundesliga
1188,5,Borussia Monchengladbach,34,16,7,11,55,42,13,55,2018,German Bundesliga
1189,6,VfL Wolfsburg,34,16,7,11,62,50,12,55,2018,German Bundesliga
1191,8,Werder Bremen,34,14,11,9,58,49,9,53,2018,German Bundesliga
1192,9,TSG Hoffenheim,34,13,12,9,70,52,18,51,2018,German Bundesliga
1194,11,Hertha Berlin,34,11,10,13,49,57,-8,43,2018,German Bundesliga
1197,14,Schalke 04,34,8,9,17,37,55,-18,33,2018,German Bundesliga
1198,15,FC Augsburg,34,8,8,18,51,71,-20,32,2018,German Bundesliga
1199,16,VfB Stuttgart,34,7,7,20,32,70,-38,28,2018,German Bundesliga
1200,17,Hannover 96,34,5,6,23,31,71,-40,21,2018,German Bundesliga
1202,1,Bayern Munich,34,26,4,4,100,32,68,82,2019,German Bundesliga
1203,2,Borussia Dortmund,34,21,6,7,84,41,43,69,2019,German Bundesliga
1205,4,Borussia Monchengladbach,34,20,5,9,66,40,26,65,2019,German Bundesliga
1206,5,Bayer Leverkusen,34,19,6,9,61,44,17,63,2019,German Bundesliga
1207,6,TSG Hoffenheim,34,15,7,12,53,53,0,52,2019,German Bundesliga
1208,7,VfL Wolfsburg,34,13,10,11,48,46,2,49,2019,German Bundesliga
1211,10,Hertha Berlin,34,11,8,15,48,59,-11,41,2019,German Bundesliga
1213,12,Schalke 04,34,9,12,13,38,58,-20,39,2019,German Bundesliga
1216,15,FC Augsburg,34,9,9,16,45,63,-18,36,2019,German Bundesliga
1217,16,Werder Bremen,34,8,7,19,42,69,-27,31,2019,German Bundesliga
1220,1,Bayern Munich,34,24,6,4,99,44,55,78,2020,German Bundesliga
1222,3,Borussia Dortmund,34,20,4,10,75,46,29,64,2020,German Bundesliga
1223,4,VfL Wolfsburg,34,17,10,7,61,37,24,61,2020,German Bundesliga
1225,6,Bayer Leverkusen,34,14,10,10,53,39,14,52,2020,German Bundesliga
1227,8,Borussia Monchengladbach,34,13,10,11,64,56,8,49,2020,German Bundesliga
1228,9,VfB Stuttgart,34,12,9,13,56,55,1,45,2020,German Bundesliga
1230,11,TSG Hoffenheim,34,11,10,13,52,54,-2,43,2020,German Bundesliga
1232,13,FC Augsburg,34,10,6,18,36,54,-18,36,2020,German Bundesliga
1233,14,Hertha Berlin,34,8,11,15,41,52,-11,35,2020,German Bundesliga
1236,17,Werder Bremen,34,7,10,17,36,57,-21,31,2020,German Bundesliga
1237,18,Schalke 04,34,3,7,24,25,86,-61,16,2020,German Bundesliga
1238,1,Bayern Munich,34,24,5,5,97,37,60,77,2021,German Bundesliga
1239,2,Borussia Dortmund,34,22,3,9,85,52,33,69,2021,German Bundesliga
1240,3,Bayer Leverkusen,34,19,7,8,80,47,33,64,2021,German Bundesliga
1246,9,TSG Hoffenheim,34,13,7,14,58,60,-2,46,2021,German Bundesliga
1247,10,Borussia Monchengladbach,34,12,9,13,54,61,-7,45,2021,German Bundesliga
1249,12,VfL Wolfsburg,34,12,6,16,43,54,-11,42,2021,German Bundesliga
1251,14,FC Augsburg,34,10,8,16,39,56,-17,38,2021,German Bundesliga
1252,15,VfB Stuttgart,34,7,12,15,41,59,-18,33,2021,German Bundesliga
1253,16,Hertha Berlin,34,9,6,19,37,71,-34,33,2021,German Bundesliga
1256,1,AS Roma,24,18,4,2,0,0,0,58,2000,Italian Serie A
1257,2,Juventus,24,14,7,3,0,0,0,49,2000,Italian Serie A
1258,3,Lazio,24,14,4,6,0,0,0,46,2000,Italian Serie A
1259,4,Parma,24,11,7,6,0,0,0,40,2000,Italian Serie A
1260,5,Internazionale,24,10,7,7,0,0,0,37,2000,Italian Serie A
1261,6,Atalanta,24,9,10,5,0,0,0,37,2000,Italian Serie A
1262,7,AC Milan,24,9,9,6,0,0,0,36,2000,Italian Serie A
1263,8,Bologna,24,9,6,9,0,0,0,33,2000,Italian Serie A
1267,12,Udinese,24,9,2,13,0,0,0,29,2000,Italian Serie A
1268,13,Hellas Verona,24,6,6,12,0,0,0,24,2000,Italian Serie A
1270,15,Napoli,24,5,8,11,0,0,0,23,2000,Italian Serie A
1271,16,Brescia,24,4,10,10,0,0,0,22,2000,Italian Serie A
1274,1,Juventus,34,20,11,3,64,23,41,71,2001,Italian Serie A
1275,2,AS Roma,34,19,13,2,58,24,34,70,2001,Italian Serie A
1276,3,Internazionale,34,20,9,5,62,35,27,69,2001,Italian Serie A
1277,4,AC Milan,34,14,13,7,47,33,14,55,2001,Italian Serie A
1279,6,Lazio,34,14,11,9,50,37,13,53,2001,Italian Serie A
1280,7,Bologna,34,15,7,12,40,40,0,52,2001,Italian Serie A
1282,9,Atalanta,34,12,9,13,41,50,-9,45,2001,Italian Serie A
1283,10,Parma,34,12,8,14,43,47,-4,44,2001,Italian Serie A
1284,11,Torino,34,10,13,11,37,39,-2,43,2001,Italian Serie A
1286,13,Brescia,34,9,13,12,43,52,-9,40,2001,Italian Serie A
1287,14,Udinese,34,11,7,16,41,52,-11,40,2001,Italian Serie A
1288,15,Hellas Verona,34,11,6,17,41,53,-12,39,2001,Italian Serie A
1292,1,Juventus,34,21,9,4,64,29,35,72,2002,Italian Serie A
1293,2,Internazionale,34,19,8,7,64,38,26,65,2002,Italian Serie A
1294,3,AC Milan,34,18,7,9,55,30,25,61,2002,Italian Serie A
1295,4,Lazio,34,15,15,4,57,32,25,60,2002,Italian Serie A
1296,5,Parma,34,15,11,8,55,36,19,56,2002,Italian Serie A
1297,6,Udinese,34,16,8,10,38,35,3,56,2002,Italian Serie A
1299,8,AS Roma,34,13,10,11,55,46,9,49,2002,Italian Serie A
1300,9,Brescia,34,9,15,10,36,38,-2,42,2002,Italian Serie A
1302,11,Bologna,34,10,11,13,39,47,-8,41,2002,Italian Serie A
1303,12,Empoli,34,9,11,14,36,46,-10,38,2002,Italian Serie A
1304,13,Atalanta,34,8,14,12,35,47,-12,38,2002,Italian Serie A
1309,18,Torino,34,4,9,21,23,58,-35,21,2002,Italian Serie A
1310,1,AC Milan,34,25,7,2,65,24,41,82,2003,Italian Serie A
1311,2,AS Roma,34,21,8,5,68,19,49,71,2003,Italian Serie A
1312,3,Juventus,34,21,6,7,67,42,25,69,2003,Italian Serie A
1313,4,Internazionale,34,17,8,9,59,37,22,59,2003,Italian Serie A
1314,5,Parma,34,16,10,8,57,46,11,58,2003,Italian Serie A
1315,6,Lazio,34,16,8,10,52,38,14,56,2003,Italian Serie A
1316,7,Udinese,34,13,11,10,44,40,4,50,2003,Italian Serie A
1317,8,Sampdoria,34,11,13,10,40,42,-2,46,2003,Italian Serie A
1320,11,Brescia,34,9,13,12,52,57,-5,40,2003,Italian Serie A
1321,12,Bologna,34,10,9,15,45,53,-8,39,2003,Italian Serie A
1326,17,Empoli,34,7,9,18,26,54,-28,30,2003,Italian Serie A
1328,1,Juventus,38,26,8,4,67,27,40,86,2004,Italian Serie A
1329,2,AC Milan,38,23,10,5,63,28,35,79,2004,Italian Serie A
1330,3,Internazionale,38,18,18,2,65,37,28,72,2004,Italian Serie A
1331,4,Udinese,38,17,11,10,56,40,16,62,2004,Italian Serie A
1332,5,Sampdoria,38,17,10,11,42,29,13,61,2004,Italian Serie A
1333,6,Palermo,38,12,17,9,48,44,4,53,2004,Italian Serie A
1335,8,AS Roma,38,11,12,15,55,58,-3,45,2004,Italian Serie A
1339,12,Cagliari,38,10,14,14,51,60,-9,44,2004,Italian Serie A
1340,13,Lazio,38,11,11,16,48,53,-5,44,2004,Italian Serie A
1344,17,Bologna,38,9,15,14,33,36,-3,42,2004,Italian Serie A
1345,18,Parma,38,10,12,16,48,65,-17,42,2004,Italian Serie A
1346,19,Brescia,38,11,8,19,37,54,-17,41,2004,Italian Serie A
1347,20,Atalanta,38,8,11,19,34,45,-11,35,2004,Italian Serie A
1348,1,Internazionale,38,23,7,8,68,30,38,76,2005,Italian Serie A
1349,2,AS Roma,38,19,12,7,70,42,28,69,2005,Italian Serie A
1350,3,AC Milan,38,28,4,6,85,31,54,58,2005,Italian Serie A
1352,5,Palermo,38,13,13,12,50,52,-2,52,2005,Italian Serie A
1354,7,Parma,38,12,9,17,46,60,-14,45,2005,Italian Serie A
1355,8,Empoli,38,13,6,19,47,61,-14,45,2005,Italian Serie A
1358,11,Udinese,38,11,10,17,40,54,-14,43,2005,Italian Serie A
1359,12,Sampdoria,38,10,11,17,47,51,-4,41,2005,Italian Serie A
1361,14,Cagliari,38,8,15,15,42,55,-13,39,2005,Italian Serie A
1363,16,Lazio,38,16,14,8,57,47,10,32,2005,Italian Serie A
1367,20,Juventus,38,27,10,1,71,24,47,91,2005,Italian Serie A
1368,1,Internazionale,38,30,7,1,80,34,46,97,2006,Italian Serie A
1369,2,AS Roma,38,22,9,7,74,34,40,75,2006,Italian Serie A
1370,3,Lazio,38,18,11,9,59,33,26,62,2006,Italian Serie A
1371,4,AC Milan,38,19,12,7,57,36,21,61,2006,Italian Serie A
1373,6,Palermo,38,16,10,12,58,51,7,58,2006,Italian Serie A
1374,7,Empoli,38,14,12,12,42,43,-1,54,2006,Italian Serie A
1375,8,Atalanta,38,12,14,12,56,54,2,50,2006,Italian Serie A
1376,9,Sampdoria,38,13,10,15,44,48,-4,49,2006,Italian Serie A
1377,10,Udinese,38,12,10,16,49,55,-6,46,2006,Italian Serie A
1379,12,Parma,38,10,12,16,41,56,-15,42,2006,Italian Serie A
1383,16,Cagliari,38,9,13,16,35,46,-11,40,2006,Italian Serie A
1384,17,Torino,38,10,10,18,27,47,-20,40,2006,Italian Serie A
1388,1,Internazionale,38,25,10,3,69,26,43,85,2007,Italian Serie A
1389,2,AS Roma,38,24,10,4,72,37,35,82,2007,Italian Serie A
1390,3,Juventus,38,20,12,6,72,37,35,72,2007,Italian Serie A
1392,5,AC Milan,38,18,10,10,66,38,28,64,2007,Italian Serie A
1393,6,Sampdoria,38,17,9,12,56,46,10,60,2007,Italian Serie A
1394,7,Udinese,38,16,9,13,48,53,-5,57,2007,Italian Serie A
1395,8,Napoli,38,14,8,16,50,53,-3,50,2007,Italian Serie A
1396,9,Atalanta,38,12,12,14,52,56,-4,48,2007,Italian Serie A
1397,10,Genoa,38,13,9,16,44,54,-10,48,2007,Italian Serie A
1398,11,Palermo,38,12,11,15,47,57,-10,47,2007,Italian Serie A
1399,12,Lazio,38,11,13,14,47,51,-4,46,2007,Italian Serie A
1401,14,Cagliari,38,11,9,18,40,56,-16,42,2007,Italian Serie A
1402,15,Torino,38,8,16,14,36,49,-13,40,2007,Italian Serie A
1405,18,Empoli,38,9,9,20,29,52,-23,36,2007,Italian Serie A
1406,19,Parma,38,7,13,18,42,62,-20,34,2007,Italian Serie A
1408,1,Internazionale,38,25,9,4,70,32,38,84,2008,Italian Serie A
1409,2,Juventus,38,21,11,6,69,37,32,74,2008,Italian Serie A
1410,3,AC Milan,38,22,8,8,70,35,35,74,2008,Italian Serie A
1412,5,Genoa,38,19,11,8,56,39,17,68,2008,Italian Serie A
1413,6,AS Roma,38,18,9,11,64,61,3,63,2008,Italian Serie A
1414,7,Udinese,38,16,10,12,61,50,11,58,2008,Italian Serie A
1415,8,Palermo,38,17,6,15,57,50,7,57,2008,Italian Serie A
1416,9,Cagliari,38,15,8,15,49,50,-1,53,2008,Italian Serie A
1417,10,Lazio,38,15,5,18,46,55,-9,50,2008,Italian Serie A
1418,11,Atalanta,38,13,8,17,45,48,-3,47,2008,Italian Serie A
1419,12,Napoli,38,12,10,16,43,45,-2,46,2008,Italian Serie A
1420,13,Sampdoria,38,11,13,14,49,52,-3,46,2008,Italian Serie A
1424,17,Bologna,38,9,10,19,43,62,-19,37,2008,Italian Serie A
1425,18,Torino,38,8,10,20,37,61,-24,34,2008,Italian Serie A
1428,1,Internazionale,38,24,10,4,75,34,41,82,2009,Italian Serie A
1429,2,AS Roma,38,24,8,6,68,41,27,80,2009,Italian Serie A
1430,3,AC Milan,38,20,10,8,60,39,21,70,2009,Italian Serie A
1431,4,Sampdoria,38,19,10,9,49,41,8,67,2009,Italian Serie A
1432,5,Palermo,38,18,11,9,59,47,12,65,2009,Italian Serie A
1433,6,Napoli,38,15,14,9,50,43,7,59,2009,Italian Serie A
1434,7,Juventus,38,16,7,15,55,56,-1,55,2009,Italian Serie A
1435,8,Parma,38,14,10,14,46,51,-5,52,2009,Italian Serie A
1436,9,Genoa,38,14,9,15,57,61,-4,51,2009,Italian Serie A
1439,12,Lazio,38,11,13,14,39,43,-4,46,2009,Italian Serie A
1442,15,Udinese,38,11,11,16,54,59,-5,44,2009,Italian Serie A
1443,16,Cagliari,38,11,11,16,56,58,-2,44,2009,Italian Serie A
1444,17,Bologna,38,10,12,16,42,55,-13,42,2009,Italian Serie A
1445,18,Atalanta,38,9,8,21,37,53,-16,35,2009,Italian Serie A
1448,1,AC Milan,38,24,10,4,65,24,41,82,2010,Italian Serie A
1449,2,Internazionale,38,23,7,8,69,42,27,76,2010,Italian Serie A
1450,3,Napoli,38,21,7,10,59,39,20,70,2010,Italian Serie A
1451,4,Udinese,38,20,6,12,65,43,22,66,2010,Italian Serie A
1452,5,Lazio,38,20,6,12,55,39,16,66,2010,Italian Serie A
1453,6,AS Roma,38,18,9,11,59,52,7,63,2010,Italian Serie A
1454,7,Juventus,38,15,13,10,57,47,10,58,2010,Italian Serie A
1455,8,Palermo,38,17,5,16,58,63,-5,56,2010,Italian Serie A
1457,10,Genoa,38,14,9,15,45,47,-2,51,2010,Italian Serie A
1459,12,Parma,38,11,13,14,39,47,-8,46,2010,Italian Serie A
1461,14,Cagliari,38,12,9,17,44,51,-7,45,2010,Italian Serie A
1463,16,Bologna,38,11,12,15,35,52,-17,42,2010,Italian Serie A
1465,18,Sampdoria,38,8,12,18,33,49,-16,36,2010,Italian Serie A
1466,19,Brescia,38,7,11,20,34,52,-18,32,2010,Italian Serie A
1468,1,Juventus,38,23,15,0,68,20,48,84,2011,Italian Serie A
1469,2,AC Milan,38,24,8,6,74,33,41,80,2011,Italian Serie A
1470,3,Udinese,38,18,10,10,52,35,17,64,2011,Italian Serie A
1471,4,Lazio,38,18,8,12,56,47,9,62,2011,Italian Serie A
1472,5,Napoli,38,16,13,9,66,46,20,61,2011,Italian Serie A
1473,6,Internazionale,38,17,7,14,58,55,3,58,2011,Italian Serie A
1474,7,AS Roma,38,16,8,14,60,54,6,56,2011,Italian Serie A
1475,8,Parma,38,15,11,12,54,53,1,56,2011,Italian Serie A
1476,9,Bologna,38,13,12,13,41,43,-2,51,2011,Italian Serie A
1479,12,Atalanta,38,13,13,12,41,43,-2,46,2011,Italian Serie A
1482,15,Cagliari,38,10,13,15,37,46,-9,43,2011,Italian Serie A
1483,16,Palermo,38,11,10,17,52,62,-10,43,2011,Italian Serie A
1484,17,Genoa,38,11,9,18,50,69,-19,42,2011,Italian Serie A
1488,1,Juventus,38,27,6,5,71,24,47,87,2012,Italian Serie A
1489,2,Napoli,38,23,9,6,73,36,37,78,2012,Italian Serie A
1490,3,AC Milan,38,21,9,8,67,39,28,72,2012,Italian Serie A
1492,5,Udinese,38,18,12,8,59,45,14,66,2012,Italian Serie A
1493,6,AS Roma,38,18,8,12,71,56,15,62,2012,Italian Serie A
1494,7,Lazio,38,18,7,13,51,42,9,61,2012,Italian Serie A
1496,9,Internazionale,38,16,6,16,55,57,-2,54,2012,Italian Serie A
1497,10,Parma,38,13,10,15,45,46,-1,49,2012,Italian Serie A
1498,11,Cagliari,38,12,11,15,43,55,-12,47,2012,Italian Serie A
1500,13,Bologna,38,11,11,16,46,52,-6,44,2012,Italian Serie A
1501,14,Sampdoria,38,11,10,17,43,51,-8,42,2012,Italian Serie A
1502,15,Atalanta,38,11,9,18,39,56,-17,40,2012,Italian Serie A
1503,16,Torino,38,8,16,14,46,55,-9,39,2012,Italian Serie A
1504,17,Genoa,38,8,14,16,38,52,-14,38,2012,Italian Serie A
1505,18,Palermo,38,6,14,18,34,54,-20,32,2012,Italian Serie A
1508,1,Juventus,38,33,3,2,80,23,57,102,2013,Italian Serie A
1509,2,AS Roma,38,26,7,5,72,25,47,85,2013,Italian Serie A
1510,3,Napoli,38,23,9,6,77,39,38,78,2013,Italian Serie A
1512,5,Internazionale,38,15,15,8,62,39,23,60,2013,Italian Serie A
1513,6,Parma,38,15,13,10,58,46,12,58,2013,Italian Serie A
1514,7,Torino,38,15,12,11,58,48,10,57,2013,Italian Serie A
1515,8,AC Milan,38,16,9,13,57,49,8,57,2013,Italian Serie A
1516,9,Lazio,38,15,11,12,54,54,0,56,2013,Italian Serie A
1517,10,Hellas Verona,38,16,6,16,62,68,-6,54,2013,Italian Serie A
1518,11,Atalanta,38,15,5,18,43,51,-8,50,2013,Italian Serie A
1519,12,Sampdoria,38,12,9,17,48,62,-14,45,2013,Italian Serie A
1520,13,Udinese,38,12,8,18,46,57,-11,44,2013,Italian Serie A
1521,14,Genoa,38,11,11,16,41,50,-9,44,2013,Italian Serie A
1522,15,Cagliari,38,9,12,17,34,53,-19,39,2013,Italian Serie A
1524,17,Sassuolo,38,9,7,22,43,72,-29,34,2013,Italian Serie A
1526,19,Bologna,38,5,14,19,28,58,-30,29,2013,Italian Serie A
1528,1,Juventus,38,26,9,3,72,24,48,87,2014,Italian Serie A
1529,2,AS Roma,38,19,13,6,54,31,23,70,2014,Italian Serie A
1530,3,Lazio,38,21,6,11,71,38,33,69,2014,Italian Serie A
1532,5,Napoli,38,18,9,11,70,54,16,63,2014,Italian Serie A
1533,6,Genoa,38,16,11,11,62,47,15,59,2014,Italian Serie A
1534,7,Sampdoria,38,13,17,8,48,42,6,56,2014,Italian Serie A
1535,8,Internazionale,38,14,13,11,59,48,11,55,2014,Italian Serie A
1536,9,Torino,38,14,12,12,48,45,3,54,2014,Italian Serie A
1537,10,AC Milan,38,13,13,12,56,50,6,52,2014,Italian Serie A
1538,11,Palermo,38,12,13,13,53,55,-2,49,2014,Italian Serie A
1539,12,Sassuolo,38,12,13,13,49,57,-8,49,2014,Italian Serie A
1540,13,Hellas Verona,38,11,13,14,49,65,-16,46,2014,Italian Serie A
1542,15,Empoli,38,8,18,12,46,52,-6,42,2014,Italian Serie A
1543,16,Udinese,38,10,11,17,43,56,-13,41,2014,Italian Serie A
1544,17,Atalanta,38,7,16,15,38,57,-19,37,2014,Italian Serie A
1545,18,Cagliari,38,8,10,20,48,68,-20,34,2014,Italian Serie A
1547,20,Parma,38,6,8,24,33,75,-42,19,2014,Italian Serie A
1548,1,Juventus,38,29,4,5,75,20,55,91,2015,Italian Serie A
1549,2,Napoli,38,25,7,6,80,32,48,82,2015,Italian Serie A
1550,3,AS Roma,38,23,11,4,83,41,42,80,2015,Italian Serie A
1551,4,Internazionale,38,20,7,11,50,38,12,67,2015,Italian Serie A
1553,6,Sassuolo,38,16,13,9,49,40,9,61,2015,Italian Serie A
1554,7,AC Milan,38,15,12,11,49,43,6,57,2015,Italian Serie A
1555,8,Lazio,38,15,9,14,52,52,0,54,2015,Italian Serie A
1557,10,Empoli,38,12,10,16,40,49,-9,46,2015,Italian Serie A
1558,11,Genoa,38,13,7,18,45,48,-3,46,2015,Italian Serie A
1559,12,Torino,38,12,9,17,52,55,-3,45,2015,Italian Serie A
1560,13,Atalanta,38,11,12,15,41,47,-6,45,2015,Italian Serie A
1561,14,Bologna,38,11,9,18,33,45,-12,42,2015,Italian Serie A
1562,15,Sampdoria,38,10,10,18,48,61,-13,40,2015,Italian Serie A
1563,16,Palermo,38,10,9,19,38,65,-27,39,2015,Italian Serie A
1564,17,Udinese,38,10,9,19,35,60,-25,39,2015,Italian Serie A
1567,20,Hellas Verona,38,5,13,20,34,63,-29,28,2015,Italian Serie A
1568,1,Juventus,38,29,4,5,77,27,50,91,2016,Italian Serie A
1569,2,AS Roma,38,28,3,7,90,38,52,87,2016,Italian Serie A
1570,3,Napoli,38,26,8,4,94,39,55,86,2016,Italian Serie A
1571,4,Atalanta,38,21,9,8,62,41,21,72,2016,Italian Serie A
1572,5,Lazio,38,21,7,10,74,51,23,70,2016,Italian Serie A
1573,6,AC Milan,38,18,9,11,57,45,12,63,2016,Italian Serie A
1574,7,Internazionale,38,19,5,14,72,49,23,62,2016,Italian Serie A
1576,9,Torino,38,13,14,11,71,66,5,53,2016,Italian Serie A
1577,10,Sampdoria,38,12,12,14,49,55,-6,48,2016,Italian Serie A
1578,11,Cagliari,38,14,5,19,55,76,-21,47,2016,Italian Serie A
1579,12,Sassuolo,38,13,7,18,58,63,-5,46,2016,Italian Serie A
1580,13,Udinese,38,12,9,17,47,56,-9,45,2016,Italian Serie A
1582,15,Bologna,38,11,8,19,40,58,-18,41,2016,Italian Serie A
1583,16,Genoa,38,9,9,20,38,64,-26,36,2016,Italian Serie A
1585,18,Empoli,38,8,8,22,29,61,-32,32,2016,Italian Serie A
1586,19,Palermo,38,6,8,24,33,77,-44,26,2016,Italian Serie A
1588,1,Juventus,38,30,5,3,86,24,62,95,2017,Italian Serie A
1589,2,Napoli,38,28,7,3,77,29,48,91,2017,Italian Serie A
1590,3,AS Roma,38,23,8,7,61,28,33,77,2017,Italian Serie A
1591,4,Internazionale,38,20,12,6,66,30,36,72,2017,Italian Serie A
1592,5,Lazio,38,21,9,8,89,49,40,72,2017,Italian Serie A
1593,6,AC Milan,38,18,10,10,56,42,14,64,2017,Italian Serie A
1594,7,Atalanta,38,16,12,10,57,39,18,60,2017,Italian Serie A
1596,9,Torino,38,13,15,10,54,46,8,54,2017,Italian Serie A
1597,10,Sampdoria,38,16,6,16,56,60,-4,54,2017,Italian Serie A
1598,11,Sassuolo,38,11,10,17,29,59,-30,43,2017,Italian Serie A
1599,12,Genoa,38,11,8,19,33,43,-10,41,2017,Italian Serie A
1601,14,Udinese,38,12,4,22,48,63,-15,40,2017,Italian Serie A
1602,15,Bologna,38,11,6,21,40,52,-12,39,2017,Italian Serie A
1603,16,Cagliari,38,11,6,21,33,61,-28,39,2017,Italian Serie A
1606,19,Hellas Verona,38,7,4,27,30,78,-48,25,2017,Italian Serie A
1608,1,Juventus,38,28,6,4,70,30,40,90,2018,Italian Serie A
1609,2,Napoli,38,24,7,7,74,36,38,79,2018,Italian Serie A
1610,3,Atalanta,38,20,9,9,77,46,31,69,2018,Italian Serie A
1611,4,Internazionale,38,20,9,9,57,33,24,69,2018,Italian Serie A
1612,5,AC Milan,38,19,11,8,55,36,19,68,2018,Italian Serie A
1613,6,AS Roma,38,18,12,8,66,48,18,66,2018,Italian Serie A
1614,7,Torino,38,16,15,7,52,37,15,63,2018,Italian Serie A
1615,8,Lazio,38,17,8,13,56,46,10,59,2018,Italian Serie A
1616,9,Sampdoria,38,15,8,15,60,51,9,53,2018,Italian Serie A
1617,10,Bologna,38,11,11,16,48,56,-8,44,2018,Italian Serie A
1618,11,Sassuolo,38,9,16,13,53,60,-7,43,2018,Italian Serie A
1619,12,Udinese,38,11,10,17,39,53,-14,43,2018,Italian Serie A
1621,14,Parma,38,10,11,17,41,61,-20,41,2018,Italian Serie A
1622,15,Cagliari,38,10,11,17,36,54,-18,41,2018,Italian Serie A
1624,17,Genoa,38,8,14,16,39,57,-18,38,2018,Italian Serie A
1625,18,Empoli,38,10,8,20,51,70,-19,38,2018,Italian Serie A
1628,1,Juventus,38,26,5,7,76,43,33,83,2019,Italian Serie A
1629,2,Internazionale,38,24,10,4,81,36,45,82,2019,Italian Serie A
1630,3,Atalanta,38,23,9,6,98,48,50,78,2019,Italian Serie A
1631,4,Lazio,38,24,6,8,79,42,37,78,2019,Italian Serie A
1632,5,AS Roma,38,21,7,10,77,51,26,70,2019,Italian Serie A
1633,6,AC Milan,38,19,9,10,63,46,17,66,2019,Italian Serie A
1634,7,Napoli,38,18,8,12,61,50,11,62,2019,Italian Serie A
1635,8,Sassuolo,38,14,9,15,69,63,6,51,2019,Italian Serie A
1636,9,Hellas Verona,38,12,13,13,47,51,-4,49,2019,Italian Serie A
1638,11,Parma,38,14,7,17,56,57,-1,49,2019,Italian Serie A
1639,12,Bologna,38,12,11,15,52,65,-13,47,2019,Italian Serie A
1640,13,Udinese,38,12,9,17,37,51,-14,45,2019,Italian Serie A
1641,14,Cagliari,38,11,12,15,52,56,-4,45,2019,Italian Serie A
1642,15,Sampdoria,38,12,6,20,48,65,-17,42,2019,Italian Serie A
1643,16,Torino,38,11,7,20,46,68,-22,40,2019,Italian Serie A
1644,17,Genoa,38,10,9,19,47,73,-26,39,2019,Italian Serie A
1646,19,Brescia,38,6,7,25,35,79,-44,25,2019,Italian Serie A
1648,1,Internazionale,38,28,7,3,89,35,54,91,2020,Italian Serie A
1649,2,AC Milan,38,24,7,7,74,41,33,79,2020,Italian Serie A
1650,3,Atalanta,38,23,9,6,90,47,43,78,2020,Italian Serie A
1651,4,Juventus,38,23,9,6,77,38,39,78,2020,Italian Serie A
1652,5,Napoli,38,24,5,9,86,41,45,77,2020,Italian Serie A
1653,6,Lazio,38,21,5,12,61,55,6,68,2020,Italian Serie A
1654,7,AS Roma,38,18,8,12,68,58,10,62,2020,Italian Serie A
1655,8,Sassuolo,38,17,11,10,64,56,8,62,2020,Italian Serie A
1656,9,Sampdoria,38,15,7,16,52,54,-2,52,2020,Italian Serie A
1657,10,Hellas Verona,38,11,12,15,46,48,-2,45,2020,Italian Serie A
1658,11,Genoa,38,10,12,16,47,58,-11,42,2020,Italian Serie A
1659,12,Bologna,38,10,11,17,51,65,-14,41,2020,Italian Serie A
1661,14,Udinese,38,10,10,18,42,58,-16,40,2020,Italian Serie A
1663,16,Cagliari,38,9,10,19,43,59,-16,37,2020,Italian Serie A
1664,17,Torino,38,7,16,15,50,69,-19,37,2020,Italian Serie A
1667,20,Parma,38,3,11,24,39,83,-44,20,2020,Italian Serie A
1668,1,AC Milan,37,25,8,4,66,31,35,83,2021,Italian Serie A
1669,2,Internazionale,37,24,9,4,81,32,49,81,2021,Italian Serie A
1670,3,Napoli,37,23,7,7,71,31,40,76,2021,Italian Serie A
1671,4,Juventus,37,20,10,7,57,35,22,70,2021,Italian Serie A
1672,5,Lazio,37,18,9,10,74,55,19,63,2021,Italian Serie A
1673,6,AS Roma,37,17,9,11,56,43,13,60,2021,Italian Serie A
1675,8,Atalanta,37,16,11,10,65,47,18,59,2021,Italian Serie A
1676,9,Hellas Verona,37,14,10,13,62,56,6,52,2021,Italian Serie A
1677,10,Torino,37,13,11,13,46,38,8,50,2021,Italian Serie A
1678,11,Sassuolo,37,13,11,13,64,63,1,50,2021,Italian Serie A
1679,12,Udinese,37,10,14,13,57,58,-1,44,2021,Italian Serie A
1680,13,Bologna,37,11,10,16,43,55,-12,43,2021,Italian Serie A
1681,14,Empoli,37,9,11,17,49,70,-21,38,2021,Italian Serie A
1682,15,Sampdoria,37,10,6,21,46,60,-14,36,2021,Italian Serie A
1685,18,Cagliari,37,6,11,20,34,68,-34,29,2021,Italian Serie A
1686,19,Genoa,37,4,16,17,27,59,-32,28,2021,Italian Serie A
1688,1,PSV Eindhoven,26,19,6,1,0,0,0,63,2000,Dutch Eredivisie
1689,2,Feyenoord Rotterdam,26,18,2,6,0,0,0,56,2000,Dutch Eredivisie
1690,3,Ajax Amsterdam,26,15,5,6,0,0,0,50,2000,Dutch Eredivisie
1695,8,FC Utrecht,25,11,5,9,0,0,0,38,2000,Dutch Eredivisie
1701,14,AZ Alkmaar,26,7,6,13,0,0,0,27,2000,Dutch Eredivisie
1702,15,Sparta Rotterdam,26,5,5,16,0,0,0,20,2000,Dutch Eredivisie
1703,16,De Graafschap,26,6,2,18,0,0,0,20,2000,Dutch Eredivisie
1704,17,Fortuna Sittard,26,4,6,16,0,0,0,18,2000,Dutch Eredivisie
1706,1,Ajax Amsterdam,34,22,7,5,73,34,39,73,2001,Dutch Eredivisie
1707,2,PSV Eindhoven,34,20,8,6,77,32,45,68,2001,Dutch Eredivisie
1708,3,Feyenoord Rotterdam,34,19,7,8,68,29,39,64,2001,Dutch Eredivisie
1712,7,FC Utrecht,34,14,9,11,60,51,9,51,2001,Dutch Eredivisie
1715,10,AZ Alkmaar,34,12,7,15,43,45,-2,43,2001,Dutch Eredivisie
1719,14,De Graafschap,34,10,7,17,43,55,-12,37,2001,Dutch Eredivisie
1722,17,Sparta Rotterdam,34,4,12,18,26,75,-49,24,2001,Dutch Eredivisie
1723,18,Fortuna Sittard,34,3,8,23,27,71,-44,17,2001,Dutch Eredivisie
1724,1,PSV Eindhoven,34,26,6,2,87,20,67,84,2002,Dutch Eredivisie
1725,2,Ajax Amsterdam,34,26,5,3,96,32,64,83,2002,Dutch Eredivisie
1726,3,Feyenoord Rotterdam,34,25,5,4,89,39,50,80,2002,Dutch Eredivisie
1731,8,FC Utrecht,34,12,11,11,49,49,0,47,2002,Dutch Eredivisie
1733,10,AZ Alkmaar,34,12,8,14,50,69,-19,44,2002,Dutch Eredivisie
1741,18,De Graafschap,34,6,5,23,35,84,-49,23,2002,Dutch Eredivisie
1742,1,Ajax Amsterdam,34,25,5,4,79,31,48,80,2003,Dutch Eredivisie
1743,2,PSV Eindhoven,34,23,5,6,92,30,62,74,2003,Dutch Eredivisie
1744,3,Feyenoord Rotterdam,34,20,8,6,71,38,33,68,2003,Dutch Eredivisie
1746,5,AZ Alkmaar,34,17,6,11,65,42,23,57,2003,Dutch Eredivisie
1751,10,FC Utrecht,34,13,7,14,42,52,-10,46,2003,Dutch Eredivisie
1760,1,PSV Eindhoven,34,27,6,1,89,18,71,87,2004,Dutch Eredivisie
1761,2,Ajax Amsterdam,34,24,5,5,74,33,41,77,2004,Dutch Eredivisie
1762,3,AZ Alkmaar,34,19,7,8,71,41,30,64,2004,Dutch Eredivisie
1763,4,Feyenoord Rotterdam,34,19,5,10,90,51,39,62,2004,Dutch Eredivisie
1770,11,FC Utrecht,34,12,8,14,40,43,-3,44,2004,Dutch Eredivisie
1776,17,De Graafschap,34,4,7,23,32,78,-46,19,2004,Dutch Eredivisie
1778,1,PSV Eindhoven,34,26,6,2,71,23,48,84,2005,Dutch Eredivisie
1779,2,AZ Alkmaar,34,23,5,6,78,32,46,74,2005,Dutch Eredivisie
1780,3,Feyenoord Rotterdam,34,21,8,5,79,34,45,71,2005,Dutch Eredivisie
1781,4,Ajax Amsterdam,34,18,6,10,66,41,25,60,2005,Dutch Eredivisie
1783,6,FC Utrecht,34,16,7,11,48,44,4,55,2005,Dutch Eredivisie
1790,13,Heracles Almelo,34,11,6,17,35,58,-23,39,2005,Dutch Eredivisie
1791,14,Sparta Rotterdam,34,10,7,17,34,50,-16,37,2005,Dutch Eredivisie
1796,1,PSV Eindhoven,34,23,6,5,75,25,50,75,2006,Dutch Eredivisie
1797,2,Ajax Amsterdam,34,23,6,5,84,35,49,75,2006,Dutch Eredivisie
1798,3,AZ Alkmaar,34,21,9,4,83,31,52,72,2006,Dutch Eredivisie
1802,7,Feyenoord Rotterdam,34,15,8,11,56,66,-10,53,2006,Dutch Eredivisie
1804,9,FC Utrecht,34,13,9,12,41,44,-3,48,2006,Dutch Eredivisie
1808,13,Sparta Rotterdam,34,10,7,17,40,66,-26,37,2006,Dutch Eredivisie
1809,14,Heracles Almelo,34,7,11,16,32,64,-32,32,2006,Dutch Eredivisie
1814,1,PSV Eindhoven,34,21,9,4,65,24,41,72,2007,Dutch Eredivisie
1815,2,Ajax Amsterdam,34,20,9,5,94,45,49,69,2007,Dutch Eredivisie
1819,6,Feyenoord Rotterdam,34,18,6,10,64,41,23,60,2007,Dutch Eredivisie
1823,10,FC Utrecht,34,13,7,14,59,55,4,46,2007,Dutch Eredivisie
1824,11,AZ Alkmaar,34,11,10,13,48,53,-5,43,2007,Dutch Eredivisie
1826,13,Sparta Rotterdam,34,9,7,18,52,76,-24,34,2007,Dutch Eredivisie
1827,14,Heracles Almelo,34,8,8,18,34,64,-30,32,2007,Dutch Eredivisie
1829,16,De Graafschap,34,7,9,18,33,64,-31,30,2007,Dutch Eredivisie
1832,1,AZ Alkmaar,34,25,5,4,66,22,44,80,2008,Dutch Eredivisie
1834,3,Ajax Amsterdam,34,21,5,8,74,41,33,68,2008,Dutch Eredivisie
1835,4,PSV Eindhoven,34,19,8,7,71,33,38,65,2008,Dutch Eredivisie
1838,7,Feyenoord Rotterdam,34,12,9,13,54,46,8,45,2008,Dutch Eredivisie
1840,9,FC Utrecht,34,11,11,12,41,44,-3,44,2008,Dutch Eredivisie
1844,13,Sparta Rotterdam,34,9,8,17,46,66,-20,35,2008,Dutch Eredivisie
1846,15,Heracles Almelo,34,7,11,16,35,53,-18,32,2008,Dutch Eredivisie
1848,17,De Graafschap,34,7,9,18,24,58,-34,30,2008,Dutch Eredivisie
1851,2,Ajax Amsterdam,34,27,4,3,106,20,86,85,2009,Dutch Eredivisie
1852,3,PSV Eindhoven,34,23,9,2,72,29,43,78,2009,Dutch Eredivisie
1853,4,Feyenoord Rotterdam,34,17,12,5,54,31,23,63,2009,Dutch Eredivisie
1854,5,AZ Alkmaar,34,19,5,10,64,34,30,62,2009,Dutch Eredivisie
1855,6,Heracles Almelo,34,17,5,12,54,49,5,56,2009,Dutch Eredivisie
1856,7,FC Utrecht,34,14,11,9,39,33,6,53,2009,Dutch Eredivisie
1865,16,Sparta Rotterdam,34,6,8,20,30,66,-36,26,2009,Dutch Eredivisie
1868,1,Ajax Amsterdam,34,22,7,5,72,30,42,73,2010,Dutch Eredivisie
1870,3,PSV Eindhoven,34,20,9,5,79,34,45,69,2010,Dutch Eredivisie
1872,5,AZ Alkmaar,34,17,8,9,55,44,11,59,2010,Dutch Eredivisie
1875,8,Heracles Almelo,34,14,7,13,65,56,9,49,2010,Dutch Eredivisie
1876,9,FC Utrecht,34,13,8,13,55,51,4,47,2010,Dutch Eredivisie
1877,10,Feyenoord Rotterdam,34,12,8,14,53,54,-1,44,2010,Dutch Eredivisie
1881,14,De Graafschap,34,9,11,14,31,56,-25,38,2010,Dutch Eredivisie
1886,1,Ajax Amsterdam,34,23,7,4,93,36,57,76,2011,Dutch Eredivisie
1887,2,Feyenoord Rotterdam,34,21,7,6,70,37,33,70,2011,Dutch Eredivisie
1888,3,PSV Eindhoven,34,21,6,7,87,47,40,69,2011,Dutch Eredivisie
1889,4,AZ Alkmaar,34,19,8,7,64,35,29,65,2011,Dutch Eredivisie
1896,11,FC Utrecht,34,11,10,13,55,58,-3,43,2011,Dutch Eredivisie
1897,12,Heracles Almelo,34,11,7,16,52,62,-10,40,2011,Dutch Eredivisie
1902,17,De Graafschap,34,6,6,22,36,74,-38,24,2011,Dutch Eredivisie
1904,1,Ajax Amsterdam,34,22,10,2,83,31,52,76,2012,Dutch Eredivisie
1905,2,PSV Eindhoven,34,22,3,9,103,43,60,69,2012,Dutch Eredivisie
1906,3,Feyenoord Rotterdam,34,21,6,7,64,38,26,69,2012,Dutch Eredivisie
1908,5,FC Utrecht,34,19,6,9,55,41,14,63,2012,Dutch Eredivisie
1913,10,AZ Alkmaar,34,10,9,15,56,54,2,39,2012,Dutch Eredivisie
1915,12,Heracles Almelo,34,9,11,14,58,71,-13,38,2012,Dutch Eredivisie
1922,1,Ajax Amsterdam,34,20,11,3,69,28,41,71,2013,Dutch Eredivisie
1923,2,Feyenoord Rotterdam,34,20,7,7,76,40,36,67,2013,Dutch Eredivisie
1925,4,PSV Eindhoven,34,18,5,11,60,45,15,59,2013,Dutch Eredivisie
1929,8,AZ Alkmaar,34,13,8,13,54,50,4,47,2013,Dutch Eredivisie
1931,10,FC Utrecht,34,11,8,15,46,65,-19,41,2013,Dutch Eredivisie
1935,14,Heracles Almelo,34,10,7,17,45,59,-14,37,2013,Dutch Eredivisie
1940,1,PSV Eindhoven,34,29,1,4,92,31,61,88,2014,Dutch Eredivisie
1941,2,Ajax Amsterdam,34,21,8,5,69,29,40,71,2014,Dutch Eredivisie
1942,3,AZ Alkmaar,34,19,5,10,63,56,7,62,2014,Dutch Eredivisie
1943,4,Feyenoord Rotterdam,34,17,8,9,56,39,17,59,2014,Dutch Eredivisie
1950,11,FC Utrecht,34,11,8,15,60,62,-2,41,2014,Dutch Eredivisie
1953,14,Heracles Almelo,34,11,4,19,47,64,-17,37,2014,Dutch Eredivisie
1958,1,PSV Eindhoven,34,26,6,2,88,32,56,84,2015,Dutch Eredivisie
1959,2,Ajax Amsterdam,34,25,7,2,81,21,60,82,2015,Dutch Eredivisie
1960,3,Feyenoord Rotterdam,34,19,6,9,62,40,22,63,2015,Dutch Eredivisie
1961,4,AZ Alkmaar,34,18,5,11,70,53,17,59,2015,Dutch Eredivisie
1962,5,FC Utrecht,34,15,8,11,57,48,9,53,2015,Dutch Eredivisie
1963,6,Heracles Almelo,34,14,9,11,47,49,-2,51,2015,Dutch Eredivisie
1974,17,De Graafschap,34,5,8,21,39,66,-27,23,2015,Dutch Eredivisie
1976,1,Feyenoord Rotterdam,34,26,4,4,86,25,61,82,2016,Dutch Eredivisie
1977,2,Ajax Amsterdam,34,25,6,3,79,23,56,81,2016,Dutch Eredivisie
1978,3,PSV Eindhoven,34,22,10,2,68,23,45,76,2016,Dutch Eredivisie
1979,4,FC Utrecht,34,18,8,8,54,38,16,62,2016,Dutch Eredivisie
1981,6,AZ Alkmaar,34,12,13,9,56,52,4,49,2016,Dutch Eredivisie
1985,10,Heracles Almelo,34,12,7,15,53,55,-2,43,2016,Dutch Eredivisie
1990,15,Sparta Rotterdam,34,9,7,18,42,61,-19,34,2016,Dutch Eredivisie
1994,1,PSV Eindhoven,34,26,5,3,87,39,48,83,2017,Dutch Eredivisie
1995,2,Ajax Amsterdam,34,25,4,5,89,33,56,79,2017,Dutch Eredivisie
1996,3,AZ Alkmaar,34,22,5,7,72,38,34,71,2017,Dutch Eredivisie
1997,4,Feyenoord Rotterdam,34,20,6,8,76,39,37,66,2017,Dutch Eredivisie
1998,5,FC Utrecht,34,14,12,8,58,53,5,54,2017,Dutch Eredivisie
2003,10,Heracles Almelo,34,11,9,14,50,64,-14,42,2017,Dutch Eredivisie
2010,17,Sparta Rotterdam,34,7,6,21,34,75,-41,27,2017,Dutch Eredivisie
2012,1,Ajax Amsterdam,34,28,2,4,119,32,87,86,2018,Dutch Eredivisie
2013,2,PSV Eindhoven,34,26,5,3,98,26,72,83,2018,Dutch Eredivisie
2014,3,Feyenoord Rotterdam,34,20,5,9,75,41,34,65,2018,Dutch Eredivisie
2015,4,AZ Alkmaar,34,17,7,10,64,43,21,58,2018,Dutch Eredivisie
2017,6,FC Utrecht,34,15,8,11,60,51,9,53,2018,Dutch Eredivisie
2018,7,Heracles Almelo,34,15,3,16,61,68,-7,48,2018,Dutch Eredivisie
2026,15,Fortuna Sittard,34,9,7,18,50,80,-30,34,2018,Dutch Eredivisie
2028,17,De Graafschap,34,8,5,21,38,75,-37,29,2018,Dutch Eredivisie
2030,1,Ajax Amsterdam,25,18,2,5,68,23,45,56,2019,Dutch Eredivisie
2031,2,AZ Alkmaar,25,18,2,5,54,17,37,56,2019,Dutch Eredivisie
2032,3,Feyenoord Rotterdam,25,14,8,3,50,35,15,50,2019,Dutch Eredivisie
2033,4,PSV Eindhoven,26,14,7,5,54,28,26,49,2019,Dutch Eredivisie
2035,6,FC Utrecht,25,12,5,8,50,34,16,41,2019,Dutch Eredivisie
2037,8,Heracles Almelo,26,10,6,10,40,34,6,36,2019,Dutch Eredivisie
2040,11,Sparta Rotterdam,26,9,6,11,41,45,-4,33,2019,Dutch Eredivisie
2045,16,Fortuna Sittard,26,6,8,12,29,52,-23,26,2019,Dutch Eredivisie
2048,1,Ajax Amsterdam,34,28,4,2,102,23,79,88,2020,Dutch Eredivisie
2049,2,PSV Eindhoven,34,21,9,4,74,35,39,72,2020,Dutch Eredivisie
2050,3,AZ Alkmaar,34,21,8,5,75,41,34,71,2020,Dutch Eredivisie
2052,5,Feyenoord Rotterdam,34,16,11,7,64,36,28,59,2020,Dutch Eredivisie
2053,6,FC Utrecht,34,13,14,7,52,41,11,53,2020,Dutch Eredivisie
2055,8,Sparta Rotterdam,34,13,8,13,49,48,1,47,2020,Dutch Eredivisie
2056,9,Heracles Almelo,34,12,8,14,42,53,-11,44,2020,Dutch Eredivisie
2058,11,Fortuna Sittard,34,12,5,17,50,58,-8,41,2020,Dutch Eredivisie
2066,1,Ajax Amsterdam,34,26,5,3,98,19,79,83,2021,Dutch Eredivisie
2067,2,PSV Eindhoven,34,26,3,5,86,42,44,81,2021,Dutch Eredivisie
2068,3,Feyenoord Rotterdam,34,22,5,7,76,34,42,71,2021,Dutch Eredivisie
2070,5,AZ Alkmaar,34,18,7,9,64,44,20,61,2021,Dutch Eredivisie
2072,7,FC Utrecht,34,12,11,11,51,46,5,47,2021,Dutch Eredivisie
2079,14,Sparta Rotterdam,34,8,11,15,30,48,-18,35,2021,Dutch Eredivisie
2080,15,Fortuna Sittard,34,10,5,19,36,67,-31,35,2021,Dutch Eredivisie
2081,16,Heracles Almelo,34,9,7,18,33,49,-16,34,2021,Dutch Eredivisie
2084,1,Lyon,38,19,11,8,63,41,22,68,2002,French Ligue 1
2086,3,Marseille,38,19,8,11,41,36,5,65,2002,French Ligue 1
2087,4,Bordeaux,38,18,10,10,57,36,21,64,2002,French Ligue 1
2093,10,Nice,38,13,16,9,39,31,8,55,2002,French Ligue 1
2094,11,Paris Saint-Germain,38,14,12,12,47,36,11,54,2002,French Ligue 1
2097,14,Lille,38,10,12,16,29,44,-15,42,2002,French Ligue 1
2098,15,Stade Rennais,38,10,10,18,35,45,-10,40,2002,French Ligue 1
2099,16,Montpellier,38,10,10,18,37,54,-17,40,2002,French Ligue 1
2104,1,Lyon,38,24,7,7,64,26,38,79,2003,French Ligue 1
2105,2,Paris Saint-Germain,38,22,10,6,50,28,22,76,2003,French Ligue 1
2110,7,Marseille,38,17,6,15,51,45,6,57,2003,French Ligue 1
2112,9,Stade Rennais,38,14,10,14,56,44,12,52,2003,French Ligue 1
2113,10,Lille,38,14,9,15,41,41,0,51,2003,French Ligue 1
2114,11,Nice,38,11,17,10,42,39,3,50,2003,French Ligue 1
2115,12,Bordeaux,38,13,11,14,40,43,-3,50,2003,French Ligue 1
2123,20,Montpellier,38,8,7,23,41,74,-33,31,2003,French Ligue 1
2124,1,Lyon,38,22,13,3,56,22,34,79,2004,French Ligue 1
2125,2,Lille,38,18,13,7,52,29,23,67,2004,French Ligue 1
2127,4,Stade Rennais,38,15,10,13,49,42,7,55,2004,French Ligue 1
2128,5,Marseille,38,15,10,13,47,42,5,55,2004,French Ligue 1
2132,9,Paris Saint-Germain,38,12,15,11,40,41,-1,51,2004,French Ligue 1
2135,12,Nice,38,10,16,12,38,45,-7,46,2004,French Ligue 1
2138,15,Bordeaux,38,8,20,10,37,41,-4,44,2004,French Ligue 1
2144,1,Lyon,38,25,9,4,73,31,42,84,2005,French Ligue 1
2145,2,Bordeaux,38,18,15,5,43,25,18,69,2005,French Ligue 1
2146,3,Lille,38,16,14,8,56,31,25,62,2005,French Ligue 1
2148,5,Marseille,38,16,12,10,44,35,9,60,2005,French Ligue 1
2150,7,Stade Rennais,38,18,5,15,48,49,-1,59,2005,French Ligue 1
2151,8,Nice,38,16,10,12,36,31,5,58,2005,French Ligue 1
2152,9,Paris Saint-Germain,38,13,13,12,44,38,6,52,2005,French Ligue 1
2164,1,Lyon,38,24,9,5,64,27,37,81,2006,French Ligue 1
2165,2,Marseille,38,19,7,12,53,38,15,64,2006,French Ligue 1
2167,4,Stade Rennais,38,14,15,9,38,30,8,57,2006,French Ligue 1
2169,6,Bordeaux,38,16,9,13,39,35,4,57,2006,French Ligue 1
2173,10,Lille,38,13,11,14,45,43,2,50,2006,French Ligue 1
2177,14,Lorient,38,12,13,13,33,40,-7,49,2006,French Ligue 1
2178,15,Paris Saint-Germain,38,12,12,14,42,42,0,48,2006,French Ligue 1
2179,16,Nice,38,9,16,13,34,40,-6,43,2006,French Ligue 1
2184,1,Lyon,38,24,7,7,74,37,37,79,2007,French Ligue 1
2185,2,Bordeaux,38,22,9,7,65,38,27,75,2007,French Ligue 1
2186,3,Marseille,38,17,11,10,58,45,13,62,2007,French Ligue 1
2189,6,Stade Rennais,38,16,10,12,47,44,3,58,2007,French Ligue 1
2190,7,Lille,38,13,18,7,45,32,13,57,2007,French Ligue 1
2191,8,Nice,38,13,16,9,35,30,5,55,2007,French Ligue 1
2193,10,Lorient,38,12,16,10,32,35,-3,52,2007,French Ligue 1
2199,16,Paris Saint-Germain,38,10,13,15,37,45,-8,43,2007,French Ligue 1
2204,1,Bordeaux,38,24,8,6,64,34,30,80,2008,French Ligue 1
2205,2,Marseille,38,22,11,5,67,35,32,77,2008,French Ligue 1
2206,3,Lyon,38,20,11,7,52,29,23,71,2008,French Ligue 1
2208,5,Lille,38,17,13,8,51,39,12,64,2008,French Ligue 1
2209,6,Paris Saint-Germain,38,19,7,12,49,38,11,64,2008,French Ligue 1
2210,7,Stade Rennais,38,15,16,7,42,34,8,61,2008,French Ligue 1
2212,9,Nice,38,13,11,14,40,41,-1,50,2008,French Ligue 1
2213,10,Lorient,38,10,15,13,47,47,0,45,2008,French Ligue 1
2224,1,Marseille,38,23,9,6,69,36,33,78,2009,French Ligue 1
2225,2,Lyon,38,20,12,6,64,38,26,72,2009,French Ligue 1
2227,4,Lille,38,21,7,10,72,40,32,70,2009,French Ligue 1
2228,5,Montpellier,38,20,9,9,50,40,10,69,2009,French Ligue 1
2229,6,Bordeaux,38,19,7,12,58,40,18,64,2009,French Ligue 1
2230,7,Lorient,38,16,10,12,54,42,12,58,2009,French Ligue 1
2232,9,Stade Rennais,38,14,11,13,52,41,11,53,2009,French Ligue 1
2236,13,Paris Saint-Germain,38,12,11,15,50,46,4,47,2009,French Ligue 1
2238,15,Nice,38,11,11,16,41,57,-16,44,2009,French Ligue 1
2244,1,Lille,38,21,13,4,68,36,32,76,2010,French Ligue 1
2245,2,Marseille,38,18,14,6,62,39,23,68,2010,French Ligue 1
2246,3,Lyon,38,17,13,8,61,40,21,64,2010,French Ligue 1
2247,4,Paris Saint-Germain,38,15,15,8,56,41,15,60,2010,French Ligue 1
2249,6,Stade Rennais,38,15,11,12,38,35,3,56,2010,French Ligue 1
2250,7,Bordeaux,38,12,15,11,43,42,1,51,2010,French Ligue 1
2254,11,Lorient,38,12,13,13,46,48,-2,49,2010,French Ligue 1
2257,14,Montpellier,38,12,11,15,32,43,-11,47,2010,French Ligue 1
2260,17,Nice,38,11,13,14,33,48,-15,46,2010,French Ligue 1
2264,1,Montpellier,38,25,7,6,68,34,34,82,2011,French Ligue 1
2265,2,Paris Saint-Germain,38,23,10,5,75,41,34,79,2011,French Ligue 1
2266,3,Lille,38,21,11,6,72,39,33,74,2011,French Ligue 1
2267,4,Lyon,38,19,7,12,64,51,13,64,2011,French Ligue 1
2268,5,Bordeaux,38,16,13,9,53,41,12,61,2011,French Ligue 1
2269,6,Stade Rennais,38,17,9,12,53,44,9,60,2011,French Ligue 1
2273,10,Marseille,38,12,12,14,45,41,4,48,2011,French Ligue 1
2276,13,Nice,38,10,12,16,39,46,-7,42,2011,French Ligue 1
2280,17,Lorient,38,9,12,17,35,49,-14,39,2011,French Ligue 1
2284,1,Paris Saint-Germain,38,25,8,5,69,23,46,83,2012,French Ligue 1
2285,2,Marseille,38,21,8,9,42,36,6,71,2012,French Ligue 1
2286,3,Lyon,38,19,10,9,61,38,23,67,2012,French Ligue 1
2287,4,Nice,38,18,10,10,57,46,11,64,2012,French Ligue 1
2289,6,Lille,38,16,14,8,59,40,19,62,2012,French Ligue 1
2290,7,Bordeaux,38,13,16,9,40,34,6,55,2012,French Ligue 1
2291,8,Lorient,38,14,11,13,57,58,-1,53,2012,French Ligue 1
2292,9,Montpellier,38,15,7,16,54,51,3,52,2012,French Ligue 1
2296,13,Stade Rennais,38,13,7,18,48,59,-11,46,2012,French Ligue 1
2304,1,Paris Saint-Germain,38,27,8,3,84,23,61,89,2013,French Ligue 1
2306,3,Lille,38,20,11,7,46,26,20,71,2013,French Ligue 1
2308,5,Lyon,38,17,10,11,56,44,12,61,2013,French Ligue 1
2309,6,Marseille,38,16,12,10,53,40,13,60,2013,French Ligue 1
2310,7,Bordeaux,38,13,14,11,49,43,6,53,2013,French Ligue 1
2311,8,Lorient,38,13,10,15,48,53,-5,49,2013,French Ligue 1
2315,12,Stade Rennais,38,11,13,14,47,45,2,46,2013,French Ligue 1
2318,15,Montpellier,38,8,18,12,45,53,-8,42,2013,French Ligue 1
2320,17,Nice,38,12,6,20,30,44,-14,42,2013,French Ligue 1
2324,1,Paris Saint-Germain,38,24,11,3,83,36,47,83,2014,French Ligue 1
2325,2,Lyon,38,22,9,7,72,33,39,75,2014,French Ligue 1
2327,4,Marseille,38,21,6,11,76,42,34,69,2014,French Ligue 1
2329,6,Bordeaux,38,17,12,9,47,44,3,63,2014,French Ligue 1
2330,7,Montpellier,38,16,8,14,46,39,7,56,2014,French Ligue 1
2331,8,Lille,38,16,8,14,43,42,1,56,2014,French Ligue 1
2332,9,Stade Rennais,38,13,11,14,35,42,-7,50,2014,French Ligue 1
2334,11,Nice,38,13,9,16,44,53,-9,48,2014,French Ligue 1
2339,16,Lorient,38,12,7,19,44,50,-6,43,2014,French Ligue 1
2344,1,Paris Saint-Germain,38,30,6,2,102,19,83,96,2015,French Ligue 1
2345,2,Lyon,38,19,8,11,67,43,24,65,2015,French Ligue 1
2347,4,Nice,38,18,9,11,58,41,17,63,2015,French Ligue 1
2348,5,Lille,38,15,15,8,39,27,12,60,2015,French Ligue 1
2351,8,Stade Rennais,38,13,13,12,52,54,-2,52,2015,French Ligue 1
2354,11,Bordeaux,38,12,14,12,50,57,-7,50,2015,French Ligue 1
2355,12,Montpellier,38,14,7,17,49,47,2,49,2015,French Ligue 1
2356,13,Marseille,38,10,18,10,48,42,6,48,2015,French Ligue 1
2358,15,Lorient,38,11,13,14,47,58,-11,46,2015,French Ligue 1
2365,2,Paris Saint-Germain,38,27,6,5,83,27,56,87,2016,French Ligue 1
2366,3,Nice,38,22,12,4,63,36,27,78,2016,French Ligue 1
2367,4,Lyon,38,21,4,13,77,48,29,67,2016,French Ligue 1
2368,5,Marseille,38,17,11,10,57,41,16,62,2016,French Ligue 1
2369,6,Bordeaux,38,15,14,9,53,43,10,59,2016,French Ligue 1
2372,9,Stade Rennais,38,12,14,12,36,42,-6,50,2016,French Ligue 1
2374,11,Lille,38,13,7,18,40,47,-7,46,2016,French Ligue 1
2378,15,Montpellier,38,10,9,19,48,66,-18,39,2016,French Ligue 1
2381,18,Lorient,38,10,6,22,44,70,-26,36,2016,French Ligue 1
2384,1,Paris Saint-Germain,38,29,6,3,108,29,79,93,2017,French Ligue 1
2386,3,Lyon,38,23,9,6,87,43,44,78,2017,French Ligue 1
2387,4,Marseille,38,22,11,5,80,47,33,77,2017,French Ligue 1
2388,5,Stade Rennais,38,16,10,12,50,44,6,58,2017,French Ligue 1
2389,6,Bordeaux,38,16,7,15,53,48,5,55,2017,French Ligue 1
2391,8,Nice,38,15,9,14,53,52,1,54,2017,French Ligue 1
2393,10,Montpellier,38,11,18,9,36,33,3,51,2017,French Ligue 1
2400,17,Lille,38,10,8,20,41,67,-26,38,2017,French Ligue 1
2404,1,Paris Saint-Germain,38,29,4,5,105,35,70,91,2018,French Ligue 1
2405,2,Lille,38,22,9,7,68,33,35,75,2018,French Ligue 1
2406,3,Lyon,38,21,9,8,70,47,23,72,2018,French Ligue 1
2408,5,Marseille,38,18,7,13,60,52,8,61,2018,French Ligue 1
2409,6,Montpellier,38,15,14,9,53,42,11,59,2018,French Ligue 1
2410,7,Nice,38,15,11,12,30,35,-5,56,2018,French Ligue 1
2413,10,Stade Rennais,38,13,13,12,55,52,3,52,2018,French Ligue 1
2417,14,Bordeaux,38,10,11,17,34,42,-8,41,2018,French Ligue 1
2424,1,Paris Saint-Germain,27,22,2,3,75,24,51,68,2019,French Ligue 1
2425,2,Marseille,28,16,8,4,41,29,12,56,2019,French Ligue 1
2426,3,Stade Rennais,28,15,5,8,38,24,14,50,2019,French Ligue 1
2427,4,Lille,28,15,4,9,35,27,8,49,2019,French Ligue 1
2428,5,Nice,28,11,8,9,41,38,3,41,2019,French Ligue 1
2430,7,Lyon,28,11,7,10,42,27,15,40,2019,French Ligue 1
2431,8,Montpellier,28,11,7,10,35,34,1,40,2019,French Ligue 1
2435,12,Bordeaux,28,9,10,9,40,34,6,37,2019,French Ligue 1
2444,1,Lille,38,24,11,3,64,23,41,83,2020,French Ligue 1
2445,2,Paris Saint-Germain,38,26,4,8,86,28,58,82,2020,French Ligue 1
2447,4,Lyon,38,22,10,6,81,43,38,76,2020,French Ligue 1
2448,5,Marseille,38,16,12,10,54,47,7,60,2020,French Ligue 1
2449,6,Stade Rennais,38,16,10,12,52,40,12,58,2020,French Ligue 1
2451,8,Montpellier,38,14,12,12,60,62,-2,54,2020,French Ligue 1
2452,9,Nice,38,15,7,16,50,53,-3,52,2020,French Ligue 1
2455,12,Bordeaux,38,13,6,19,42,56,-14,45,2020,French Ligue 1
2459,16,Lorient,38,11,9,18,50,68,-18,42,2020,French Ligue 1
2464,1,Paris Saint-Germain,37,25,8,4,85,36,49,83,2021,French Ligue 1
2466,3,Marseille,37,20,8,9,59,38,21,68,2021,French Ligue 1
2467,4,Stade Rennais,37,20,5,12,80,38,42,65,2021,French Ligue 1
2469,6,Nice,37,19,7,11,49,34,15,63,2021,French Ligue 1
2471,8,Lyon,37,16,11,10,64,50,14,58,2021,French Ligue 1
2473,10,Lille,37,14,12,11,46,46,0,54,2021,French Ligue 1
2476,13,Montpellier,37,12,7,18,49,59,-10,43,2021,French Ligue 1
2480,17,Lorient,37,8,11,18,34,62,-28,35,2021,French Ligue 1
2483,20,Bordeaux,37,5,13,19,48,89,-41,28,2021,French Ligue 1
